【蚂蚁集团】OceanBase招C++/JAVA实习生(2022届),蚂蚁集团,https://www.nowcoder.com/intern/17864?jobIds=21563&ncsr=,¥薪酬面议,北京 上海 杭州,简历处理率：90%,平均处理：1天,处理快,研发,薪酬：面议  |  实习要求：5天/周，2个月以上  |  转正机会：有, 岗位职责 蚂蚁金服OceanBase团队招聘2022届春季实习生（C++和Java）啦！ 1. 岗位：C++、Java后端、测试开发 2. 从事蚂蚁金服核心产品自研关系型数据库OceanBase内核（C++）或平台研发（Java后端） 3. base地点：北京、上海、杭州 4. 要求扎实的计算机系统基础，熟练掌握数据结构、算法、操作系统等 5. 优秀的编程能力，熟练使用C/C++或者Java 6. 系统软件实践经验，热衷基础设施领域，有技术激情，能够胜任有挑战的工作  团队介绍： OceanBase是由蚂蚁金服/阿里巴巴一群追求梦想追求极致的靠谱工程师一行一行码出来的，高可用，高性能，弹性水平扩展的通用的分布式关系型数据库。 十年来，OceanBase已经支撑了支付宝全部核心业务数据库，一次次刷新双十一交易峰值，2019年在业界公认的TPC-C性能评测中成为第一个排名第一的分布式数据库和第一个上榜的中国人完全自主开发的数据库。 我们已经走出阿里巴巴和蚂蚁金服，服务于更广大的市场。数据库是各行各业数字化转型需要的核心基础设施，市场前景波澜壮阔，我们刚刚迈出了一小步，未来的征程是星辰大海。希望有技术热情的你加入我们，共创数据库产业的未来！ OceanBase由北大校友阳振坤博士创立和主持，团队成员来自国内外著名高校和科技公司。更多信息请看我们的官网 https://oceanbase.alipay.com/ ,Null,
【蚂蚁集团】OceanBase实习生招聘(2022届),蚂蚁集团,https://www.nowcoder.com/intern/17864?jobIds=46038&ncsr=,¥250-300元/天,北京 上海 杭州 成都,简历处理率：66%,平均处理：2天,处理快,研发,薪资：250-300元/天  |  实习要求：5天/周，3个月以上  |  转正机会：有, 岗位职责 蚂蚁金服OceanBase团队招聘2022届春季实习生（C++和Java）啦！  1. 岗位：C++、Java后端、测试开发  2. 从事蚂蚁金服核心产品自研关系型数据库OceanBase内核（C++）或平台研发（Java后端）  3. base地点：北京、上海、杭州  4. 要求扎实的计算机系统基础，熟练掌握数据结构、算法、操作系统等  5. 优秀的编程能力，熟练使用C/C++或者Java  6. 系统软件实践经验，热衷基础设施领域，有技术激情，能够胜任有挑战的工作  团队介绍：  OceanBase是由蚂蚁金服/阿里巴巴一群追求梦想追求极致的靠谱工程师一行一行码出来的，高可用，高性能，弹性水平扩展的通用的分布式关系型数据库。  十年来，OceanBase已经支撑了支付宝全部核心业务数据库，一次次刷新双十一交易峰值，2019年在业界公认的TPC-C性能评测中成为第一个排名第一的分布式数据库和第一个上榜的中国人完全自主开发的数据库。  我们已经走出阿里巴巴和蚂蚁金服，服务于更广大的市场。数据库是各行各业数字化转型需要的核心基础设施，市场前景波澜壮阔，我们刚刚迈出了一小步，未来的征程是星辰大海。希望有技术热情的你加入我们，共创数据库产业的未来！  OceanBase由北大校友阳振坤博士创立和主持，团队成员来自国内外著名高校和科技公司。更多信息请看我们的官网 https://oceanbase.alipay.com/ ,Null,
淘宝直播-算法岗,蚂蚁集团,https://www.nowcoder.com/intern/3240?jobIds=47240&ncsr=,¥250-300元/天,北京 上海 杭州,简历处理率：100%,平均处理：1天,处理快,研发,薪资：250-300元/天  |  实习要求：5天/周，3个月以上  |  转正机会：有, 岗位职责 淘宝直播团队负责淘系核心视频直播业务的算法服务及数据体系建设。基于海量的视频直播数据、创作者数据、消费者数据构建和完善播生态体系 从供给侧和消费侧两端提升用户交互体验和效率。 工作内容概述: 1.参与并负责淘宝短视频直播APP的算法 包括短视频直播场景下的用户理解、个性化推荐、用户增长、营销投放、主播和商家生态构建等核心能力建设; 2.参与规划短视频直播场景的内容分发算法设计 提升流量匹配的效率和用户粘性 建设主播生态体系 满足业务的快速迭代; 3.参与规划PUSH个性化触达、用户拉新等用户增长引擎的产品和技术方案 推动供给侧和消费侧用户增长; 4.参与规划基于短视频直播场景的营销投放系统设计 提升流量变现的效率 建设商家生态体系 满足业务的快速迭代;  ,Null,
iOS开发工程师,阿里巴巴,https://www.nowcoder.com/intern/48771?jobIds=45657&ncsr=,¥250-300元/天,杭州,简历处理率：-,平均处理：-,Null,研发,薪资：250-300元/天  |  实习要求：4天/周，2个月以上  |  转正机会：有, 岗位职责 1. 参与开发手机淘宝客户端、淘宝lite客户端开发 2. 在基础架构、包大小、多语言、跨平台、音视频、端智能等领域进行研究 3. 接触最顶尖的淘系电商架构+最新的国际化电商架构 4. 学习从业务开发，数据分析，到数据反哺业务一整套体验优化方案 ,Null,
Android开发工程师,阿里巴巴,https://www.nowcoder.com/intern/48771?jobIds=45653&ncsr=,¥250-300元/天,杭州,简历处理率：100%,平均处理：2天,处理快,研发,薪资：250-300元/天  |  实习要求：4天/周，2个月以上  |  转正机会：有, 岗位职责 1. 参与开发手机淘宝客户端、淘宝lite客户端开发 2. 在基础架构、包大小、多语言、跨平台、音视频、端智能等领域进行研究 3. 接触最顶尖的淘系电商架构+最新的国际化电商架构 4. 学习从业务开发，数据分析，到数据反哺业务一整套体验优化方案 ,Null,
深圳阿里巴巴2022实习java招聘,阿里巴巴,https://www.nowcoder.com/intern/47840?jobIds=46664&ncsr=,¥300-400元/天,深圳,简历处理率：90%,平均处理：1天,处理快,研发,薪资：300-400元/天  |  实习要求：4天/周，1个月以上  |  转正机会：有, 岗位职责 阿里巴巴诚招各位同学投递简历（java开发、前端、测试、客户端、算法、数据分析等），只要在本次实习招聘中开放招聘通道，皆可内推， ▶️ 有意向的同学可以投递简历或者私聊 ，简历名称：岗位-学校-专业-姓名 ,Null,
2022阿里巴巴春季实习内推,阿里巴巴,https://www.nowcoder.com/intern/47840?jobIds=44964&ncsr=,¥300-400元/天,北京 上海 广州 深圳 杭州 南京 成都 厦门 武汉 西安 长沙 哈尔滨 合肥 长春 其他,简历处理率：100%,平均处理：1天,处理快,研发,薪资：300-400元/天  |  实习要求：4天/周，1个月以上  |  转正机会：有, 岗位职责 阿里巴巴诚招各位同学投递简历（java开发、前端、测试、客户端、算法、数据分析等），只要在本次实习招聘中开放招聘通道，皆可内推， ▶️ 有意向的同学可以投递简历或者私聊 ，简历名称：岗位-学校-专业-姓名 ,Null,
java后端开发实习生,快手,https://www.nowcoder.com/intern/8052?jobIds=47789&ncsr=,¥200-250元/天,北京,简历处理率：90%,平均处理：1天,处理快,研发,薪资：200-250元/天  |  实习要求：5天/周，3个月以上  |  转正机会：有, 岗位职责 1、参与用户需求调研、业务流程分析设计； 2、参与系统设计、开发，保证系统的质量和运营工作； 3、帮助团队解决用户问题，不断优化设计、推动技术提升，支持业务快速创新、发展。 ,Null,
Java开发实习生（电商营销中心）-【商业化】,快手,https://www.nowcoder.com/intern/17376?jobIds=46208&ncsr=,¥250-300元/天,北京,简历处理率：74%,平均处理：2天,处理快,研发,薪资：250-300元/天  |  实习要求：5天/周，4个月以上  |  转正机会：面议, 岗位职责 1、参与高性能电商平台的设计、研发及持续优化； 2、参与产品线的后端开发工作； 3、参与后端前沿技术研究和新技术调研，对现有系统的不足进行分析； 4、参与商业数据分布式处理、数据一致性、准确性等方面带来的技术难题。 ,Null,
2022届暑期Java实习,菜鸟网络,https://www.nowcoder.com/intern/47952?jobIds=49798&ncsr=,¥250-300元/天,北京 上海 广州 深圳 杭州 南京,简历处理率：90%,平均处理：1天,处理快,研发,薪资：250-300元/天  |  实习要求：4天/周，2个月以上  |  转正机会：有, 岗位职责 菜鸟国际物流技术团队主要为阿里巴巴速卖通，天猫海外、天猫国际、考拉海购、Lazada等进口和出口业务提供跨境物流解决方案。 加入团队的工作：国际化、供应链规划、大数据计算、调度协同等。 我们的使命是在国际关系日益复杂的时代背景下，实现72小时全球达。  职位描述 1. 深入理解国际供应链业务，参与需求分析、架构设计、核心代码开发； 2. 发现和解决用户痛点、性能瓶颈等技术难题； 3. 对未来技术架构进行前瞻性的规划设计； ,Null,
菜鸟网络Java实习生（2022年毕业）,菜鸟网络,https://www.nowcoder.com/intern/47952?jobIds=49802&ncsr=,¥250-300元/天,北京 上海 广州 深圳 杭州 南京 成都 厦门 武汉 西安 长沙 哈尔滨 合肥 长春 其他,简历处理率：93%,平均处理：1天,处理快,研发,薪资：250-300元/天  |  实习要求：5天/周，2个月以上  |  转正机会：有, 岗位职责 菜鸟国际物流技术团队主要为阿里巴巴速卖通，天猫海外、天猫国际、考拉海购、Lazada等进口和出口业务提供跨境物流解决方案。 加入团队的工作：国际化、供应链规划、大数据计算、调度协同等。 我们的使命是在国际关系日益复杂的时代背景下，实现72小时全球达。  职位描述 1. 深入理解国际供应链业务，参与需求分析、架构设计、核心代码开发； 2. 发现和解决用户痛点、性能瓶颈等技术难题； 3. 对未来技术架构进行前瞻性的规划设计； 4. 面试通过后6月前后入职，9月转正答辩，转正率极高。 ,Null,
字节教育部门后端实习招聘,字节跳动,https://www.nowcoder.com/intern/39042?jobIds=36870&ncsr=,¥400-500元/天,北京 上海 广州 深圳 杭州 南京 成都 厦门 武汉 西安 长沙 哈尔滨 合肥 长春 其他,简历处理率：99%,平均处理：1天,处理快,研发,薪资：400-500元/天  |  实习要求：4天/周，3个月以上  |  转正机会：有, 岗位职责 1、负责公司教育业务产品的研发，为用户提供优质顺畅的信息服务和极致体验； 2、参与设计系统技术方案、核心代码开发和系统调优； 3、参与制定代码规范、测试规范，保证开发质量控制； 4、协助团队攻克各种高并发、数据隔离、系统解耦等方面的技术难关； 5、参与各专项技术调研、新技术引入等前瞻项目； 6、参与机器学习与异构计算系统研发。 内推码：PXJPD35 ,Null,
字节跳动后端开发招聘,字节跳动,https://www.nowcoder.com/intern/39042?jobIds=41758&ncsr=,¥400-500元/天,北京 上海 广州 深圳 杭州 南京 成都 厦门 武汉 西安 长沙 哈尔滨 合肥 长春 其他,简历处理率：99%,平均处理：1天,处理快,研发,薪资：400-500元/天  |  实习要求：3天/周，3个月以上  |  转正机会：有, 岗位职责 职位描述 1、参与字节跳动商业广告产品后台服务的设计、开发、优化等研发工作，保证产品的质量和开发进度； 2、和产品等团队合作，确保前后端模块的协同工作； 3、参与研究新兴技术，对产品进行持续优化。 ,Null,
c/c++开发实习生,涂鸦智能,https://www.nowcoder.com/intern/49168?jobIds=48416&ncsr=,¥薪酬面议,杭州,简历处理率：86%,平均处理：1天,处理快,研发,薪酬：面议  |  实习要求：5天/周，3个月以上  |  转正机会：有, 岗位职责 岗位职责： 1. 负责设备接入网关或移动端音视频开发工作； 2. 参与音视频产品的技术难点攻坚和前沿技术预研。 ,Null,
Android实习生,涂鸦智能,https://www.nowcoder.com/intern/49168?jobIds=47637&ncsr=,¥薪酬面议,杭州,简历处理率：75%,平均处理：1天,处理快,研发,薪酬：面议  |  实习要求：4天/周，3个月以上  |  转正机会：有, 岗位职责 职位描述 1.参与开发与维护Android客户端产品； 2.熟悉整个项目的开发平台，参与优化与维护； 3.整理文档与规范； ,Null,
Java开发实习生（SaaS方向）,涂鸦智能,https://www.nowcoder.com/intern/49168?jobIds=48418&ncsr=,¥薪酬面议,杭州,简历处理率：100%,平均处理：2天,处理快,研发,薪酬：面议  |  实习要求：4天/周，3个月以上  |  转正机会：有, 岗位职责 岗位职责： 1.参与IoT物联网SaaS平台的设计与研发； 2.理解业务需求，协助分析和发现系统瓶颈，推动系统性能的提高。 ,Null,
创新研究院-软硬件一体化组-软件开发工程师,深信服,https://www.nowcoder.com/intern/52485?jobIds=49793&ncsr=,¥薪酬面议,深圳,简历处理率：100%,平均处理：1天,处理快,研发,薪酬：面议  |  实习要求：5天/周，3个月以上  |  转正机会：有, 岗位职责 1、探索协处理器（如GPU、AI推理芯片等）在云计算场景中的应用；  2、完成软件功能模块划分，算法流程设计；  3、负责协处理器在云计算场景下的功能验证、软件开发与性能优化；  4、编写开发设计文档、测试文档与使用文档等； ,Null,
安全研究实习生,深信服,https://www.nowcoder.com/intern/46494?jobIds=41404&ncsr=,¥150-200元/天,深圳,简历处理率：76%,平均处理：4天,Null,研发,薪资：150-200元/天  |  实习要求：5天/周，2个月以上  |  转正机会：有, 岗位职责 1、深入某个安全方向进行研究并产出研究文档。 2、熟练使用公司安全产品，整理产品安全知识库。 ,Null,
后端开发工程师,深信服,https://www.nowcoder.com/intern/52550?jobIds=49988&ncsr=,¥薪酬面议,深圳 长沙,简历处理率：-,平均处理：-,Null,研发,薪酬：面议  |  实习要求：5天/周，5个月以上  |  转正机会：有, 岗位职责 负责云计算相关后台研发工作 ,Null,
猿辅导课程体验-客户端实习生,猿辅导,https://www.nowcoder.com/intern/50209?jobIds=47379&ncsr=,¥800-1000元/天,北京,简历处理率：100%,平均处理：1天,处理快,研发,薪资：800-1000元/天  |  实习要求：4天/周，3个月以上  |  转正机会：有, 岗位职责 岗位介绍  1. 参与猿辅导课程体验前端开发工作；  2. 参与新技术研究和落地工作。    任职要求  1. 2022届及之后的毕业生，计算机相关专业本科及以上学历；  2. 良好的数据结构和算法基础，优秀的编码能力；  3. 至少掌握 Java/C++/C#/Objective-C/Swift 中的一种；  4. 有 iOS/Android/Windows平台开发经验者优先；  5. 日常实习或者暑期实习均可，每周出勤不少于3天，能长期实习者优先。    福利待遇  1. 超高日薪：日薪600元，每周实习4天及以上，会有200元/天的全勤奖，即日薪800元；  2. 导师帮带：部门金牌导师一对一帮带，让你实习有所收获、有所成长；  3. 快速成长：接触有挑战性的项目，在项目中不断精进技术；  4. 福利多多：每日40元餐费补贴，每月120元团建补贴，全天零食饮料无限量供应，免费使用公司签约的健身房等；  5. 直通秋招：转正名额多多（实习转正优先）；实习面试不通过，不影响秋招流程。    ﻿招聘流程  简历筛选﻿-初试-复试-HR面试-offer﻿ ,Null,
蚂蚁金服数据分析学姐直接推荐有问必答,蚂蚁集团,https://www.nowcoder.com/intern/3240?jobIds=47242&ncsr=,¥250-300元/天,北京 上海 杭州,简历处理率：94%,平均处理：1天,处理快,数据,薪资：250-300元/天  |  实习要求：5天/周，3个月以上  |  转正机会：有, 岗位职责 1. 有一定的金融业务或互联网业务背景，负责业务数据支持，并支持业务分析，有识别数据产品化的能力，通过产品设计提升数据的应用效率；  2. 通过数据分析洞察客户产品使用行为习惯，建立客户全生命周期管理体系，及时提出营销策略或建议，提升客户转化率与使用率；  3. 负责多维数据集市的规划与设计、业务数据报表需求分析、设计、落地，为业务及管理层提供决策支持与业务分析；  4.负责模型建立与优化，在对业务、场景和用户深刻理解的基础上，能将业务问题抽象为数据问题，并通过建模解决。" ,Null,
数据分析师,菜鸟网络,https://www.nowcoder.com/intern/50788?jobIds=47976&ncsr=,¥薪酬面议,北京 杭州,简历处理率：99%,平均处理：1天,处理快,数据,薪酬：面议  |  实习要求：5天/周，1个月以上  |  转正机会：有, 岗位职责 在这里，你可以与业务线同学一起搭建业务监控指标体系并产品化； 在这里，你可以基于业务监控指标体系，及时发现业务问题，进行异动指标分析或深度的专题分析定位问题并寻求解决方案； 在这里，你可以为业务团队提供专题分析、数据分析与挖掘、模型及算法等相关服务； 在这里，你需要主动的寻找机会获得资源并落地；提炼数据产品需求，提供数据产品解决方案，并最终推动数据产品落地； 在这里，你需要组织数据技术与产品相关的理念、技能、工具的培训； 在这里，你可以帮助公司更加完美地做每一个业务决定，让业务更清晰、决策更高效！ ,Null,
数据研发,菜鸟网络,https://www.nowcoder.com/intern/50788?jobIds=47975&ncsr=,¥薪酬面议,北京 杭州,简历处理率：92%,平均处理：1天,处理快,数据,薪酬：面议  |  实习要求：5天/周，1个月以上  |  转正机会：有, 岗位职责 如果你想参与阿里大数据的采集、存储、处理，通过分布式大数据平台加工数据，支持业务管理决策，  如果你想参与阿里大数据体系的模型设计、开发、维护，通过元数据、质量体系有效的管理和组织EB级的数据，  如果你想参与阿里大数据产品的研发，发挥你的商业sense，通过数据分析和算法来洞察数据背后的机会，来探索大数据商业化，  如果你想接触世界领先的大数据处理与应用的技术和平台，获得大数据浪潮之巅的各类大牛的指导， 那就加入我们吧！ ,Null,
数据分析实习生,字节跳动,https://www.nowcoder.com/intern/12702?jobIds=49140&ncsr=,¥400-500元/天,北京,简历处理率：100%,平均处理：1天,处理快,数据,薪资：400-500元/天  |  实习要求：4天/周，3个月以上  |  转正机会：有, 岗位职责 1、负责大数据项目的数据分析和规划任务； 2、负责大数据项目的数据录入，映射，检验和完善； 3、 完成需求中涉及的各类数据细节问题； 4 、尝试分析、挖掘特征等相关工作，按时保质地完成各项工作任务，确保工作质量和进度达到目标交付要求。 ,Null,
数据实习生（市场运营方向）,涂鸦智能,https://www.nowcoder.com/intern/49168?jobIds=49814&ncsr=,¥薪酬面议,杭州,简历处理率：100%,平均处理：2天,处理快,数据,薪酬：面议  |  实习要求：5天/周，3个月以上  |  转正机会：有, 岗位职责 岗位职责： 1、基于公司市场战略，协助进行全球客户数据的整理及录入 2、基于公司目标，接触市场部线索管理，进行目标线索匹配，并协助收集、整理公共资源市场所需信息 3、在公司系统体系内，学习并完成市场活动前期文书处理 4、在部门市场动态信息中，协助收集、整理市场活动成果数据 5、协助公司及部门完成全球范围内的各类峰会（线上、线下）的落地实施； 6、基于国际业务需求，协助部门完成各类中英翻译工作 ,Null,
数据开发工程师,远景,https://www.nowcoder.com/intern/51983?jobIds=49070&ncsr=,¥250-300元/天,北京 上海 其他,简历处理率：100%,平均处理：1天,处理快,数据,薪资：250-300元/天  |  实习要求：4天/周，2个月以上  |  转正机会：有, 岗位职责 数据开发工程师 ,Null,
数据分析实习生,脉脉,https://www.nowcoder.com/intern/46292?jobIds=41219&ncsr=,¥150-200元/天,北京,简历处理率：22%,平均处理：4天,Null,数据,薪资：150-200元/天  |  实习要求：4天/周，3个月以上  |  转正机会：面议, 岗位职责 岗位职责： 1.负责公司日常运营数据的统计和分析，并且能够分析出合理的原因； 2.负责公司产品功能和业务的统计和分析，为产品改进，推广实验等提供数据支持； 3.负责建立用户数据分析模型，并根据用户行为和业务数据进行深层次分析，为决策提供支持； 4.负责数据要求的埋点设计工作，并能够和工程师一起保证埋点的准确性。 你将获得： 1.核心部门的工作经历，项目经历加持：涉及数据分析师工作的方方面面； 2.自身综合能力的高速提升：可直接与互联网行业经验丰富的产品大神、算法牛人、海外数据科学家共事，成长曲线陡峭； 3.良好融洽的团队氛围，热情的同时让你全方位学习成长； ,Null,
大数据开发实习生,阿里云,https://www.nowcoder.com/intern/2900?jobIds=19594&ncsr=,¥200-250元/天,杭州,简历处理率：96%,平均处理：1天,处理快,数据,薪资：200-250元/天  |  实习要求：5天/周，2个月以上  |  转正机会：有, 岗位职责 【阿里云云网络团队实习生招聘】  基于阿里云深厚的技术积累、强大的基础设施能力。 经历多年的云计算业务锤炼。 我们打造了云上、云间、上云三位一体的云网络家族。 超大规模的阿里云飞天虚拟网络操作系统-洛神。 链接全球！ 提供领先的产品和解决方案。 让网络更简单， 让数字化转型更便捷， 是云网络所有人的使命！ 因为相信，所以看见， 我们欢迎所有心怀共同梦想的同学加入！ ,Null,
数据仓库工程师,瓜子,https://www.nowcoder.com/intern/48829?jobIds=45545&ncsr=,¥200-250元/天,北京,简历处理率：97%,平均处理：3天,有反馈,数据,薪资：200-250元/天  |  实习要求：3天/周，3个月以上  |  转正机会：有, 岗位职责 1. 负责业务数据模型的设计、开发和维护 2. 对存量数据进行数据治理，提升数据质量和价值，降低成本 3. 根据要求完成技术研究和落地工作   ,Null,
数据清洗实习生,平安科技,https://www.nowcoder.com/intern/41697?jobIds=40185&ncsr=,¥200-250元/天,杭州,简历处理率：-,平均处理：-,Null,数据,薪资：200-250元/天  |  实习要求：4天/周，3个月以上  |  转正机会：没有, 岗位职责 1，操作扫描仪及电脑扫描整理数据； 2，根据培训，对医疗影像数据进行简单统计与结果分析。 ,Null,
前端实习生【商业化-电商营销】,快手,https://www.nowcoder.com/intern/8052?jobIds=21914&ncsr=,¥200-250元/天,北京,简历处理率：99%,平均处理：2天,处理快,前端,薪资：200-250元/天  |  实习要求：5天/周，3个月以上  |  转正机会：有, 岗位职责 1、协助快手电商营销中心相关前端模块的建设和开发工作； 2、参与系统的需求分析、设计、编码等开发工作； 3、负责已有系统的运营、维护和优化工作。 ,Null,
斑马AI课-前端研发实习生,猿辅导,https://www.nowcoder.com/intern/50209?jobIds=47386&ncsr=,¥800-1000元/天,北京,简历处理率：100%,平均处理：1天,处理快,前端,薪资：800-1000元/天  |  实习要求：4天/周，3个月以上  |  转正机会：有, 岗位职责 岗位介绍  1. 负责斑马AI课电商业务的多个系统设计和开工作；  2. 注重页面性能与体验设计，提高斑马AI课用户体验；  3. 探索业务需求及痛点的解决方案，用技术提升效率。    任职要求  1. 2022届及之后的毕业生，计算机及相关专业本科及以上学历；  2. 良好的数据结构和算法基础，优秀的编码能力；  3. 熟练掌握 HTML/CSS/JavaScript 等前端技术；  4. 熟悉至少 1 种 JavaScript 框架；  5. 有 Node.js 开发经验者优先；  6. 日常实习或者暑期实习均可，每周出勤不少于3天，能长期实习者优先。    福利待遇  1. 超高日薪：日薪600元，每周实习4天及以上，会有200元/天的全勤奖，即日薪800元；  2. 导师帮带：部门金牌导师一对一帮带，让你实习有所收获、有所成长；  3. 快速成长：接触有挑战性的项目，在项目中不断精进技术；  4. 福利多多：每日40元餐费补贴，每月120元团建补贴，全天零食饮料无限量供应，免费使用公司签约的健身房等；  5. 直通秋招：转正名额多多（实习转正优先）；实习面试不通过，不影响秋招流程。    ﻿招聘流程  简历筛选﻿-初试-复试-HR面试-offer﻿ ,Null,
小猿搜题/口算-前端研发实习生,猿辅导,https://www.nowcoder.com/intern/50209?jobIds=47384&ncsr=,¥800-1000元/天,北京,简历处理率：98%,平均处理：1天,处理快,前端,薪资：800-1000元/天  |  实习要求：4天/周，3个月以上  |  转正机会：有, 岗位职责 岗位介绍  1. 负责小猿搜题/猿题库/小猿口算相关产品的前端研发；  2. 负责高质量编码设计，承担重点业务开发，保证业务稳定推进。    任职资格  1. 2022届及之后的毕业生，计算机及相关专业本科及以上学历；  2. 良好的数据结构和算法基础，优秀的编码能力；  3. 熟练掌握 HTML/CSS/JavaScript 等前端技术；  4. 熟悉至少 1 种 JavaScript 框架；  5. 有 Node.js 开发经验者优先；  6. 日常实习或者暑期实习均可，每周出勤不少于3天，能长期实习者优先。    福利待遇  1. 超高日薪：日薪600元，每周实习4天及以上，会有200元/天的全勤奖，即日薪800元；  2. 导师帮带：部门金牌导师一对一帮带，让你实习有所收获、有所成长；  3. 快速成长：接触有挑战性的项目，在项目中不断精进技术；  4. 福利多多：每日40元餐费补贴，每月120元团建补贴，全天零食饮料无限量供应，免费使用公司签约的健身房等；  5. 直通秋招：转正名额多多（实习转正优先）；实习面试不通过，不影响秋招流程。    ﻿招聘流程  简历筛选﻿-初试-复试-HR面试-offer﻿ ,Null,
前端开发实习生,小红书,https://www.nowcoder.com/intern/52217?jobIds=49359&ncsr=,¥250-300元/天,北京 上海,简历处理率：97%,平均处理：3天,有反馈,前端,薪资：250-300元/天  |  实习要求：5天/周，3个月以上  |  转正机会：有, 岗位职责 参与小红书社区基础产品业务开发，和产品、设计配合，为用户提供更好的价值和使用体验参与团队业务的技术沉淀，在技术生涯伊始为未来打下坚实的技术基础 ,Null,
2022届-前端实习生-学而思网校1对1,学而思,https://www.nowcoder.com/intern/18388?jobIds=46110&ncsr=,¥薪酬面议,北京,简历处理率：100%,平均处理：2天,处理快,前端,薪酬：面议  |  实习要求：5天/周，3个月以上  |  转正机会：有, 岗位职责 1、掌握HTML、CSS，JavaScript基础知识，熟悉ES6，Webpack，VScode等工程化工具； 2、积极主动，具备良好的编码习惯和总结的习惯； 3、负责在线1V1教育产品的研发，测试，部署等工作，为代码质量负责。   ,Null,
2021腾讯春季实习招聘,腾讯,https://www.nowcoder.com/intern/4950?jobIds=47773&ncsr=,¥250-300元/天,深圳 西安,简历处理率：95%,平均处理：1天,处理快,前端,薪资：250-300元/天  |  实习要求：5天/周，2个月以上  |  转正机会：有, 岗位职责     负责经营平台内部系统前端页面的开发，维护和优化工作；       负责页面相关的接入层的开发（nodejs）。        负责前端框架的搭建，公共组件的开发和维护。 ,Null,
【实习生】腾讯web前端开发实习生（面向2022届）,腾讯,https://www.nowcoder.com/intern/17490?jobIds=43793&ncsr=,¥薪酬面议,深圳,简历处理率：96%,平均处理：2天,处理快,前端,薪酬：面议  |  实习要求：5天/周，3个月以上  |  转正机会：有, 岗位职责 负责中心日常web业务、新技术预研与平台的建设，负责团队开源项目建设和工具研发，负责团队前沿技术的研究与落地，探索前端在人工智能方向上的应用； ,Null,
腾讯前端开发（暑期实习）,腾讯,https://www.nowcoder.com/intern/52290?jobIds=49495&ncsr=,¥薪酬面议,深圳,简历处理率：91%,平均处理：1天,处理快,前端,薪酬：面议  |  实习要求：5天/周，2个月以上  |  转正机会：有, 岗位职责 负责前端页面、公共组件的开发、维护以及优化  负责页面相关接入层（node）的开发 ,Null,
web前端实习生,成都超有爱科技有限公司,https://www.nowcoder.com/intern/563?jobIds=13867&ncsr=,¥150-200元/天,成都,简历处理率：99%,平均处理：4天,有反馈,前端,薪资：150-200元/天  |  实习要求：5天/周，3个月以上  |  转正机会：面议, 岗位职责 1.负责软件Web前端页面开发；     2.根据项目负责人要求参与项目设计开发。 ,Null,
前端开发工程师-22届实习生,便利蜂,https://www.nowcoder.com/intern/49738?jobIds=47960&ncsr=,¥400-500元/天,北京,简历处理率：96%,平均处理：1天,处理快,前端,薪资：400-500元/天  |  实习要求：4天/周，1个月以上  |  转正机会：有, 岗位职责 岗位职责： 1.负责便利蜂各应用系统的前端研发，前端各类交互设计与实现； 2.负责高质量编码设计，承担重点业务开发，保证业务稳定推进。    ,Null,
HR实习生-招聘,快手,https://www.nowcoder.com/intern/50091?jobIds=47249&ncsr=,¥150-200元/天,北京,简历处理率：50%,平均处理：2天,处理快,其他,薪资：150-200元/天  |  实习要求：5天/周，3个月以上  |  转正机会：面议, 岗位职责 1、协助招聘，电话预约、协调候选人、面试官时间，并安排和接待面试； 2、基础岗位招聘，网络筛选简历、搜寻简历； 3、协助进行招聘渠道维护相关的工作； 4、协助进行人力资源相关的数据统计工作； 5、支持招聘Team其他事宜。 ,Null,
HR实习生,北京望石智慧科技有限公司,https://www.nowcoder.com/intern/2391?jobIds=15406&ncsr=,¥250-300元/天,北京,简历处理率：100%,平均处理：17天,有反馈,其他,薪资：250-300元/天  |  实习要求：4天/周，3个月以上  |  转正机会：面议, 岗位职责 【岗位职责】  主要工作内容：    1）负责部分职位的候选人搜寻，电话邀约，人才mapping等工作； 2）入离职等员工关系工作。                      ,Null,
高德地图  体验设计师,高德,https://www.nowcoder.com/intern/51145?jobIds=48140&ncsr=,¥薪酬面议,北京 上海 深圳 杭州,简历处理率：-,平均处理：-,Null,其他,薪酬：面议  |  实习要求：5天/周，3个月以上  |  转正机会：有, 岗位职责 工作地点： 杭州市、北京市、无锡市、上海市、深圳市 限制毕业起止时间： 2021-11-01 ~ 2022-10-31 岗位职责： 1. 理解商业模式，明确业务的长期目标和当下策略； 2. 具备研究、洞察、分析能力；清晰行业和技术发展趋势；深谙解决业务根本的设计综合手段，并与之匹配； 3. 独立输出用户视角的体验全链路策略和创新整合概念；促成设计独立的商业价值和设计价值显现； 4. 具备产品的体系化设计的意识和思考，考虑设计结果的广度和覆盖；总结提炼通用性的经验和模式； 5. 内心热爱设计，衷情刻苦专研和创新；愿意持续深耕所处行业和业务；  ,Null,
高德地图 创意设计师,高德,https://www.nowcoder.com/intern/51145?jobIds=48139&ncsr=,¥薪酬面议,北京 上海 杭州,简历处理率：-,平均处理：-,Null,其他,薪酬：面议  |  实习要求：5天/周，3个月以上  |  转正机会：有, 岗位职责 工作地点： 杭州市、北京市、上海市 限制毕业起止时间： 2021-11-01 ~ 2022-10-31 岗位职责： 1. 理解商业模式，明确业务的长期目标和当下策略； 2. 对品牌、营销、传播等领域提供整体创意设计解决方案。 3. 具备对商业、运营、数据等方面的思考和实践能力。 4. 关注创意行业趋势，让创意设计产生明确的商业价值。   ,Null,
北森云计算-软件实施顾问,北森云计算股份有限公司,https://www.nowcoder.com/intern/13616?jobIds=29087&ncsr=,¥200-250元/天,北京 上海 广州 深圳 杭州 成都 苏州,简历处理率：96%,平均处理：3天,有反馈,其他,薪资：200-250元/天  |  实习要求：5天/周，3个月以上  |  转正机会：有, 岗位职责 1、了解客户业务模式，完成对客户业务流程的调研、诊断、分析，形成需求报告； 2、根据需求设计人才管理系统实施方案，独立完成人才管理系统的配置和开通； 3、为客户提供人才管理系统使用培训，并解决实施和客户应用过程中出现的问题； 4、撰写和制作人才管理系统的使用和常见问题说明；； 5、能够做好项目的风险管理，包括对完成项目可能出现的各种风险的识别和评估、风险防范策略的制定及对风险的有效监控。 ,Null,
视觉设计师（远程实习）,MindCoord,https://www.nowcoder.com/intern/42044?jobIds=39509&ncsr=,¥薪酬面议,北京 上海 广州 深圳 杭州 南京 成都 厦门 武汉 西安 长沙 哈尔滨 合肥 长春 其他,简历处理率：92%,平均处理：2天,处理快,其他,薪酬：面议  |  实习要求：5天/周，4个月以上  |  转正机会：有, 岗位职责 1. 网站风格设计，内容美术编辑；  2. 协助项目经理提供相关产品的美术设计方案。 ,Null,
招聘实习生,脉脉,https://www.nowcoder.com/intern/46292?jobIds=41221&ncsr=,¥250-300元/天,北京,简历处理率：90%,平均处理：6天,有反馈,其他,薪资：250-300元/天  |  实习要求：4天/周，3个月以上  |  转正机会：有, 岗位职责 职位描述： 1、协助招聘，电话预约、协调候选人、面试官时间，并安排和接待面试； 2、基础岗位招聘，网络筛选简历、搜寻简历； 3、协助进行招聘渠道维护相关的工作； 4、协助进行人力资源相关的数据统计工作； 5、支持招聘team其他事宜。  ,Null,
人力资源实习生,用友,https://www.nowcoder.com/intern/7454?jobIds=11936&ncsr=,¥100-150元/天,北京,简历处理率：99%,平均处理：2天,处理快,其他,薪资：100-150元/天  |  实习要求：5天/周，4个月以上  |  转正机会：没有, 岗位职责 招募招聘专员实习生啦！  我们是：用友集团！  我们是干什么的？ 用友网络，成立于1988年，2001年正式上市，是亚太本土领先的企业管理软件和企业移动应用、企业云服务提供商，是中国最大的ERP、CRM、人力资源管理、商业分析、内审、小微企业管理软件和财政、汽车、烟草等行业应用解决方案提供商。目前拥有员工18 000多人。  据工信部公布，2020年中国互联网企业综合实力排名，用友名列第16名，企业云服务领域名列行业领头羊，市值1500多亿元。   你来了做什么？ 在一个没有官场政治的大平台，规范化的管理下，协助资深的招聘经理做一切与招聘有关的工作。包括但不仅限于跟部门沟通职位需求、简历的搜寻与筛选、邀约面试、候选人跟进、薪资沟通等。  你能获得什么？ 可以从零开始学习招聘的全部流程，明确自己在大公司的价值定位，初步通晓大公司的招聘流程，亲自上阵在实战中学习。 我们不强求加班。招聘领域大牛指路，精炼的理论+充分的实践，让你在这个领域迅速提升！ ,Null,
招聘专员实习生（招聘大牛带路）,用友,https://www.nowcoder.com/intern/7454?jobIds=25289&ncsr=,¥100-150元/天,北京,简历处理率：99%,平均处理：3天,有反馈,其他,薪资：100-150元/天  |  实习要求：5天/周，3个月以上  |  转正机会：面议, 岗位职责 招募招聘专员实习生啦！  我们是：用友集团！  我们是干什么的？ 用友网络，成立于1988年，2001年正式上市，是亚太本土领先的企业管理软件和企业移动应用、企业云服务提供商，是中国最大的ERP、CRM、人力资源管理、商业分析、内审、小微企业管理软件和财政、汽车、烟草等行业应用解决方案提供商。目前拥有员工18 000多人。  据工信部公布，2020年中国互联网企业综合实力排名，用友名列第16名，企业云服务领域名列行业领头羊，市值1500多亿元。   你来了做什么？ 在一个没有官场政治的大平台，规范化的管理下，协助资深的招聘经理做一切与招聘有关的工作。包括但不仅限于跟部门沟通职位需求、简历的搜寻与筛选、邀约面试、候选人跟进、薪资沟通等。  你能获得什么？ 可以从零开始学习招聘的全部流程，明确自己在大公司的价值定位，初步通晓大公司的招聘流程，亲自上阵在实战中学习。 招聘领域大牛指路，精炼的理论+充分的实践，让你在这个领域迅速提升！ ,Null,
HR实习生-招聘方向,滴滴出行,https://www.nowcoder.com/intern/48793?jobIds=45534&ncsr=,¥150-200元/天,北京,简历处理率：14%,平均处理：2天,处理快,其他,薪资：150-200元/天  |  实习要求：5天/周，3个月以上  |  转正机会：有, 岗位职责 1、简历搜索跟筛选，电话面试候选人  2、面试安排，保证面试按时顺利进行，并跟踪面试结果 3、跟进面试结果，分析统计人才数据，撰写周报  4、支持招聘Team其他日常事项 ,Null,
运营实习生,字节跳动,https://www.nowcoder.com/intern/43072?jobIds=37760&ncsr=,¥200-250元/天,北京 上海 广州 深圳 杭州 南京 成都 厦门 武汉 西安 长沙 哈尔滨 合肥 长春 其他,简历处理率：100%,平均处理：1天,处理快,运营,薪资：200-250元/天  |  实习要求：3天/周，3个月以上  |  转正机会：有, 岗位职责 1、参与并配合功能上线测试，及时发现问题并优化解决； 2、收集用户需求信息并分析，及时与PM沟通产品策略，推进解决平台bug； 3、分析用户反馈数据，协助收集处理用户反馈，对平台以及产品提出改进建议； 4、协助PM制定项目流程规范，并进行产品推广。 ,Null,
实习生-运营推广,趋势科技,https://www.nowcoder.com/intern/40291?jobIds=34863&ncsr=,¥150-200元/天,南京,简历处理率：100%,平均处理：3天,有反馈,运营,薪资：150-200元/天  |  实习要求：5天/周，3个月以上  |  转正机会：有, 岗位职责 1. 在海外社交媒体平台上运营产品的社交媒体帐号。 2. 根据产品以及平台特点设计话题，维持帐号的活跃度。 3. 回答社交媒体平台粉丝的问题。 4. 追踪海外热点新闻，设计营销话题并撰写文案。 ,Null,
北森-安全工程师,北森云计算股份有限公司,https://www.nowcoder.com/intern/30078?jobIds=30518&ncsr=,¥250-300元/天,北京,简历处理率：100%,平均处理：6天,有反馈,运营,薪资：250-300元/天  |  实习要求：5天/周，3个月以上  |  转正机会：有, 岗位职责 1、安全工具开发 2、公司网络渗透测试 3、安全基线和安全策略检查 4、poc和exp编写 5、web和移动app安全测试 6、安全合规性检查 ,Null,
新媒体运营（线上实习）,广州全撇教育科技有限公司,https://www.nowcoder.com/intern/41840?jobIds=36537&ncsr=,¥50-100元/天,北京 上海 广州 深圳 杭州 南京 成都 厦门 武汉 西安 长沙 哈尔滨 合肥 长春 其他,简历处理率：97%,平均处理：3天,有反馈,运营,薪资：50-100元/天  |  实习要求：7天/周，1个月以上  |  转正机会：有, 岗位职责 该实习项目为持续7-10天左右的短期线上实习项目（可提供实习证书），提供行业TOP3的免费系统新媒体培训课程，导师手把手辅导，组队实习。   【你需要做什么】  负责撰写/制作小红书/B站/知乎等渠道的内容   【你会收获什么？】 参加新媒体运培生项目的同学，7天就可以收获： •  系统的新媒体运营培训 • 小红书实战项目经验 • 1v1新媒体运营职业规划 • 高含金量项目证书 • 求职加分的实习证明 • 实用求职技能课 ,Null,
运营实习生（远程实习）,MindCoord,https://www.nowcoder.com/intern/42044?jobIds=39510&ncsr=,¥薪酬面议,北京 上海 广州 深圳 杭州 南京 成都 厦门 武汉 西安 长沙 哈尔滨 合肥 长春 其他,简历处理率：97%,平均处理：3天,有反馈,运营,薪酬：面议  |  实习要求：5天/周，4个月以上  |  转正机会：有, 岗位职责 1. 根据产品的内容形态，敏锐感知与收集北美年轻人热点动态并发布内容；  2. 对社区平台的内容与质量进行负责；对话题及活动的数据跟踪分析，并根据分析结果提出改进策略和优化方向；  3. 负责公司内外部各类文案及短视频内容的创作及产出，对接用户引流工作；  4. 负责运营部门其他相关运营工作。 ,Null,
产品运营,脉脉,https://www.nowcoder.com/intern/46292?jobIds=48281&ncsr=,¥100-150元/天,北京,简历处理率：5%,平均处理：1天,处理快,运营,薪资：100-150元/天  |  实习要求：5天/周，3个月以上  |  转正机会：面议, 岗位职责 工作职责： 1、日常整理用户内容数据，输出有价值的结构内容，支撑查询工具等产品的运行，为使用体验负责 2、了解站内入口流量情况，关注并优化各个入口流量的转化率 3、对接审核，优化审核规则和审核后台 4、能够了解用户需求、收集反馈和建议，能简单整理需求，输出需求文档，跟进产品功能实现   ,Null,
电商用户运营实习生,上海茵朗信息科技有限公司,https://www.nowcoder.com/intern/29095?jobIds=30621&ncsr=,¥150-200元/天,上海,简历处理率：100%,平均处理：2天,处理快,运营,薪资：150-200元/天  |  实习要求：3天/周，3个月以上  |  转正机会：没有, 岗位职责 【工作职责】 1、 通过旺旺等聊天工具及时回复前来咨询的顾客，并且需要通过文字来表现出积极热情的态度。 2、 通过挖掘顾客已有需求，解除顾客的顾虑并引导其下单 3、 妥善处理遇到的投诉，安抚客户的同时还能维护公司的口碑 4、 定时登记和跟进潜在顾客，最终增加转化率 5、 善于提炼顾客反馈的信息，帮助公司完善产品和服务   ,Null,
[直通笔试]美团优选-产品运营专员,美团,https://www.nowcoder.com/intern/50199?jobIds=47368&ncsr=,¥200-250元/天,北京 上海 广州 深圳,简历处理率：91%,平均处理：1天,处理快,运营,薪资：200-250元/天  |  实习要求：4天/周，2个月以上  |  转正机会：有, 岗位职责 岗位职责： 如果你： 爱吃、爱喝、爱玩乐！ 爱唱、爱跳、爱电影！ 不仅自己爱，还能让别人跟你一起嗨！ 如果你： 喜欢研究各种新鲜的玩法，想要将新产品通过你的方式让亿万用户疯狂地爱上！那么这个岗位非常适合你！ 在这里你有机会参与美团的各类运营岗位，全方位感受运营的魅力！惊喜无处不在！ ,Null,
增长运营实习生,好未来,https://www.nowcoder.com/intern/41757?jobIds=43714&ncsr=,¥150-200元/天,北京,简历处理率：100%,平均处理：1天,处理快,运营,薪资：150-200元/天  |  实习要求：5天/周，1个月以上  |  转正机会：没有, 岗位职责 1、负责配合搭建微信场景内的用户增长及运营体系；  2、有一定社群运营、用户运营经验，熟悉在线教育产品或知识付费类产品；  3、具有扎实文案功底和设计能力，可产出合格推送话术及海报；  4、沟通能力强，可清晰表达自己的想法和诉求；  5、有极强的目标感、学习欲、执行力，自我驱动能力。 ,Null,
内容运营实习生,好未来,https://www.nowcoder.com/intern/41757?jobIds=41839&ncsr=,¥150-200元/天,北京,简历处理率：94%,平均处理：2天,处理快,运营,薪资：150-200元/天  |  实习要求：5天/周，3个月以上  |  转正机会：面议, 岗位职责 1、负责策划K12教育行业大语文内容产品（音频故事/广播剧），对产品方向、调性、内容负责。 2、和团队协同创作，按要求完成产品。 3、文笔精湛，擅长各种文风，有镜头感。 4、跟踪数据反馈，产品运营升级迭代。 ,Null,
Efficient transportation algorithms and Software engineering (智能交通算法和软件研发),英特尔中国公司,https://www.nowcoder.com/intern/17304?jobIds=30920&ncsr=,¥薪酬面议,北京,简历处理率：100%,平均处理：17天,有反馈,算法,薪酬：面议  |  实习要求：4天/周，6个月以上  |  转正机会：有, 岗位职责 英特尔（中国）研究中心招聘研发实习生，实习地点在北京，实习期6个月以上。  加入英特尔，您将有机会接触到最新的技术和前沿的研发项目，并亲身体验世界五百强企业的工作环境和文化氛围。  在这里除了收获宝贵的工作经验，您也将得到全面的发展。  参加公司内外丰富多样的活动，您将了解不同部门不同职位的工作特点和要求；  参加公司职业内部培训，以及不同领域的前沿讲座，您将更加全方位的了解职场生活；  与来自全国各地的，毕业于各大高校的同事共事，您将收获很多生活和职场经验。  可转正。  Qualification(要求):  -       Familiar with C/C++ and python languages.  -       Familiar with ROS (robot operate system)/SUMO/FLOW  Optional.  -       Familiar with machine/deep learning  especially on reinforce learning.  -       Good at team working ,Null,
算法工程师实习生,inDeco领筑智造,https://www.nowcoder.com/intern/44082?jobIds=38366&ncsr=,¥300-400元/天,北京,简历处理率：100%,平均处理：1天,处理快,算法,薪资：300-400元/天  |  实习要求：4天/周，3个月以上  |  转正机会：有, 岗位职责 研究装修自动化布局问题、及其工程实现 供应链、工程排期优化 改进家具数据库的标签和评分系统 ,Null,
算法工程师 ( NLP / CV / ML ),北京知乎科技有限责任公司,https://www.nowcoder.com/intern/48360?jobIds=44876&ncsr=,¥250-300元/天,北京,简历处理率：100%,平均处理：1天,处理快,算法,薪资：250-300元/天  |  实习要求：4天/周，4个月以上  |  转正机会：有, 岗位职责 主要工作内容（三个方向选一个就行）：  1.1、【多模态】多模态相关的工作， 主要是综合 NLP 和 CV 方面的能力，加深对视频和图像的理解。  1.2、【用户画像】基于海量用户数据，深入挖掘用户画像，应用于推荐、内容发现、搜索等场景； 1.3、【NLP】根据知乎海量的内容，在 NLP 的各个方向进行优化，如实体识别、关键词等。    2、具体产出类型如：  2.1、 根据知乎的用户数据，使用前沿大数据机器学习的方式分析用户画像。 2.2、知乎文本上的 内容分类、 实体识别、关键词优化等。 2.3、知乎的内容转视频服务，「  如何看待知乎上线视频创作工具，图文可自动生成视频，好用吗？ - 知乎   」 。 2.4、知乎的多模态预训练，下游任务可能是：给定一个图像产出描述文本。  ,Null,
计算机视觉算法工程师,元戎启行,https://www.nowcoder.com/intern/5811?jobIds=43545&ncsr=,¥800-1000元/天,深圳,简历处理率：100%,平均处理：1天,处理快,算法,薪资：800-1000元/天  |  实习要求：5天/周，3个月以上  |  转正机会：有, 岗位职责 1.负责计算机视觉关键算法研发，包括不限于目标检测、识别，关键点检测等算法研发； 2.负责自动驾驶场景下视觉感知算法落地与系统集成；  ,Null,
激光雷达感知算法,元戎启行,https://www.nowcoder.com/intern/46809?jobIds=45533&ncsr=,¥薪酬面议,深圳,简历处理率：100%,平均处理：2天,处理快,算法,薪酬：面议  |  实习要求：5天/周，3个月以上  |  转正机会：有, 岗位职责 1.负责无人驾驶场景中激光雷达感知或者多传感器融合感知算法开发与优化，包括但不限于目标检测、目标分类、点云分割、点云补全和目标Tracking等算法研发；  2.在机器学习、深度学习和强化学习领域前沿展开创新性的研究，探索无人车感知解决方案的新方向。 ,Null,
计算机视觉算法,元戎启行,https://www.nowcoder.com/intern/46809?jobIds=45532&ncsr=,¥薪酬面议,深圳,简历处理率：88%,平均处理：1天,处理快,算法,薪酬：面议  |  实习要求：5天/周，3个月以上  |  转正机会：有, 岗位职责 1.负责计算机视觉关键算法研发，包括不限于目标检测、识别，关键点检测等算法研发；  2.负责自动驾驶场景下视觉感知算法落地与系统集成； ,Null,
百度-算法实习生-计算机视觉方向,百度,https://www.nowcoder.com/intern/47350?jobIds=43000&ncsr=,¥250-300元/天,北京 深圳,简历处理率：100%,平均处理：1天,处理快,算法,薪资：250-300元/天  |  实习要求：4天/周，5个月以上  |  转正机会：有, 岗位职责 寻找优秀实习生来做Research研究啦！！！（长期有效！）  岗位职责： -图像/视频目标检测、分类识别、异常检测等方向SOTA算法研究 -对发表高水平论文（ICCV、CVPR、ECCV等）有强烈渴望  ,Null,
阿里高德-数据算法实习（挖掘和优化方向）,高德,https://www.nowcoder.com/intern/48477?jobIds=45130&ncsr=,¥300-400元/天,北京,简历处理率：69%,平均处理：1天,处理快,算法,薪资：300-400元/天  |  实习要求：5天/周，3个月以上  |  转正机会：有, 岗位职责 优先转正的实习职位~  1. 结合高德地图数据更新链路上的业务需求，从优化和机器学习的视角解决一些数据采集的调度效率的问题； 2. 参与运筹优化或机器学习方向的算法研究和开发，包括但不限于线性规划，强化学习，组合优化，随机优化等; 3. 具备良好的数学建模能力、数据清洗和特征挖掘的能力，从复杂业务需求中抽象出问题的数学建模和给出解决方案； ,Null,
自动驾驶建图定位算法工程师,毫末智行,https://www.nowcoder.com/intern/29984?jobIds=31332&ncsr=,¥250-300元/天,北京,简历处理率：100%,平均处理：3天,有反馈,算法,薪资：250-300元/天  |  实习要求：4天/周，3个月以上  |  转正机会：有, 岗位职责 负责基于多传感器（包括Lidar、GPS、IMU、轮速计、Camera等）的融合定位算法设计、研发。   ,Null,
自动驾驶决策规划实习生（强化学习方向）,毫末智行,https://www.nowcoder.com/intern/29984?jobIds=46060&ncsr=,¥250-300元/天,北京,简历处理率：100%,平均处理：2天,处理快,算法,薪资：250-300元/天  |  实习要求：5天/周，4个月以上  |  转正机会：有, 岗位职责 1、利用强化学习等机器学习方法优化自动驾驶行为决策算法； 2、对接自动驾驶仿真平台  搭建基于迭代学习的自动驾驶行为决策优化工具平台； 3、对接自动驾驶实测数据  挖掘最优行为决策逻辑  优化自动驾驶系统的决策算法；  ,Null,
设计师实习生,深信服,https://www.nowcoder.com/intern/52460?jobIds=49763&ncsr=,¥150-200元/天,深圳,简历处理率：-,平均处理：-,Null,产品,薪资：150-200元/天  |  实习要求：5天/周，4个月以上  |  转正机会：面议, 岗位职责 1、具备优秀的设计素养，设计工具不限制。 2、具备优秀的office技能，但不限于PPT、海报等。 3、具备优秀的思维模式，善于沟通与理解，学习能力强，爱表达。 4、每周至少实习4-5天 ,Null,
北森-测评产品经理-心理学相关-硕士及以上学历,北森云计算股份有限公司,https://www.nowcoder.com/intern/30078?jobIds=39235&ncsr=,¥250-300元/天,北京 杭州,简历处理率：100%,平均处理：8天,有反馈,产品,薪资：250-300元/天  |  实习要求：4天/周，3个月以上  |  转正机会：有, 岗位职责 1、负责公司的新产品开发、产品升级和研究创新； 2、负责（测评）产品的售前和售后客户支持及报告的解读； 3、参与客户培训，解决合同履行过程中和售后维护中的产品专业问题； 4、负责公司相关产品的企业客户化应用； 5、参与测评方法和企业应用的基础研究工作。 ,Null,
北森-软件实施顾问,北森云计算股份有限公司,https://www.nowcoder.com/intern/30078?jobIds=30517&ncsr=,¥250-300元/天,北京 上海 广州 深圳 杭州,简历处理率：100%,平均处理：5天,有反馈,产品,薪资：250-300元/天  |  实习要求：5天/周，3个月以上  |  转正机会：有, 岗位职责 1、了解客户业务模式，完成对客户业务流程的调研、诊断、分析，形成需求报告； 2、根据需求设计人才管理系统实施方案，独立完成人才管理系统的配置和开通； 3、为客户提供人才管理系统使用培训，并解决实施和客户应用过程中出现的问题； 4、撰写和制作人才管理系统的使用和常见问题说明；； 5、能够做好项目的风险管理，包括对完成项目可能出现的各种风险的识别和评估、风险防范策略的制定及对风险的有效监控。 ,Null,
UI设计实习生（远程实习）,MindCoord,https://www.nowcoder.com/intern/42044?jobIds=43345&ncsr=,¥薪酬面议,北京 上海 广州 深圳 杭州 南京 成都 厦门 武汉 西安 长沙 哈尔滨 合肥 长春 其他,简历处理率：94%,平均处理：2天,处理快,产品,薪酬：面议  |  实习要求：5天/周，4个月以上  |  转正机会：有, 岗位职责 1.与产品经理配合，负责项目移动端相关产品UIUE设计工作。  2.与开发配合，进行还原度确认，跟进项目落地。  3.参与定制公司产品视觉设计规范，保证产品服务体验的一致性。  4.进行产品可用性测试和调查。 ,Null,
产品助理实习生,成都超有爱科技有限公司,https://www.nowcoder.com/intern/563?jobIds=13894&ncsr=,¥150-200元/天,成都,简历处理率：97%,平均处理：1天,处理快,产品,薪资：150-200元/天  |  实习要求：5天/周，3个月以上  |  转正机会：面议, 岗位职责 1. 协助设计教育产品；  2. 制作产品原型和内容等素材；  3. 协助制定及整理测试流程文档；  4. 协助完成日常用户测试调研；  5. 收集测试数据，分析测试结果。 ,Null,
【海康威视】产品实习岗(非应届) Base杭州,海康威视,https://www.nowcoder.com/intern/47912?jobIds=43737&ncsr=,¥薪酬面议,杭州,简历处理率：91%,平均处理：1天,处理快,产品,薪酬：面议  |  实习要求：4天/周，3个月以上  |  转正机会：面议, 岗位职责 1、搜集产品的需求，将需求转化为高品质的产品设计或解决方案。 2、跟进产品迭代，将产品方案准确无误地传递给研发。 3、参与产品设计、业务测试、上线实施，辅助运营和规划梳理工作;  ,Null,
[直通笔试]美团优选-助理产品经理,美团,https://www.nowcoder.com/intern/50199?jobIds=47355&ncsr=,¥薪酬面议,北京 上海 深圳 成都,简历处理率：92%,平均处理：1天,处理快,产品,薪酬：面议  |  实习要求：4天/周，2个月以上  |  转正机会：有, 岗位职责 岗位职责： 在这里你将有机会： 1.全面提升产品研发、运营能力和个人影响力； 2.迎接多样化的产品研发和运营实战的挑战，我们的产品岗位类型包含：用户产品、商业产品、平台产品、工具型产品等； 3.通过系统、全面的专业的培训深刻理解行业，从复杂的业务场景/数据中挖掘用户痛点和本质需求，以结果为导向，落地业务规划，推动产品的优化和发展。 ,Null,
产品实习生（AIoT）,商汤科技,https://www.nowcoder.com/intern/535?jobIds=50327&ncsr=,¥200-250元/天,北京,简历处理率：-,平均处理：-,Null,产品,薪资：200-250元/天  |  实习要求：4天/周，6个月以上  |  转正机会：面议, 岗位职责 1. 支持智能硬件和手机上应用程序的产品和原型设计； 2. 支持智能硬件和AIOT的市场分析和用户调研。  ,Null,
产品经理/产品助理（实习）,悉之教育,https://www.nowcoder.com/intern/52491?jobIds=49806&ncsr=,¥250-300元/天,北京,简历处理率：62%,平均处理：1天,处理快,产品,薪资：250-300元/天  |  实习要求：3天/周，6个月以上  |  转正机会：有, 岗位职责 1、负责参与学生端App的规划、设计、落地全流程 2、基于在线教育市场现状，运用公司独特的算法引擎，探索新颖的产品形态和交互体验 3、深入了解学生用户，根据用户调研及数据分析，制定产品迭代方案，不断优化用户体验 4、负责跨部门沟通，清晰准确地进行信息传递，参与协调团队成员达成项目目标 ,Null,
群报数-产品实习生,深圳市卡牛科技有限公司,https://www.nowcoder.com/intern/18161?jobIds=47536&ncsr=,¥150-200元/天,深圳,简历处理率：-,平均处理：-,Null,产品,薪资：150-200元/天  |  实习要求：5天/周，6个月以上  |  转正机会：面议, 岗位职责 1、在辅导下按时完成小型需求的原型制作、独立完成需求文档撰写、设计与研发跟进等工作。 2、协助产品经理，完成需求的调研，并与团队积极沟通配合，推动项目正常运行。   ,Null,
2022届-质量测试实习生-学而思网校1对1,学而思,https://www.nowcoder.com/intern/18388?jobIds=46155&ncsr=,¥薪酬面议,北京,简历处理率：100%,平均处理：2天,处理快,测试,薪酬：面议  |  实习要求：5天/周，3个月以上  |  转正机会：有, 岗位职责 1、 根据项目需求和计划能够设计和编写测试用例； 2、 执行测试用例，熟练运用bug管理系统提交和跟踪bug，并善于发现问题。 ,Null,
国际化分单引擎测试开发实习生,滴滴出行,https://www.nowcoder.com/intern/37973?jobIds=33445&ncsr=,¥200-250元/天,北京,简历处理率：85%,平均处理：23天,Null,测试,薪资：200-250元/天  |  实习要求：5天/周，6个月以上  |  转正机会：有, 岗位职责 工作职责： 1、负责国际化分单引擎部分重点模块的业务项目； 2、学习分单引擎目前测试体系，包括但不限于自动化，系统级，仿真，性能压测等； 3、帮助构建负责模块的测试工具开发； 4、协助补充负责模块的模块级，系统级自动化case，并负责长期维护工作； 5、协助导师，完成日常小型工作； ,Null,
测试开发工程师-22实习生,便利蜂,https://www.nowcoder.com/intern/49738?jobIds=46544&ncsr=,¥400-500元/天,北京,简历处理率：93%,平均处理：1天,处理快,测试,薪资：400-500元/天  |  实习要求：4天/周，1个月以上  |  转正机会：有, 岗位职责 岗位职责： 1.参与测试全流程，包括需求分析，设计评审，制定测试策略，设计和用例执行，项目流程控制、发布上线和缺陷跟踪； 2.对互联网产品进行白盒测试、兼容性测试、容错性测试等，不限于app、web和后端服务； 3.结合部门以及业务需要开发专项工具，自动化平台建设； 4.不断提升算法策略测试深入性。   ,Null,
测试开发工程师,瓜子,https://www.nowcoder.com/intern/51881?jobIds=49000&ncsr=,¥200-250元/天,北京,简历处理率：25%,平均处理：2天,处理快,测试,薪资：200-250元/天  |  实习要求：5天/周，3个月以上  |  转正机会：有, 岗位职责 1、针对需求制定测试计划、编写测试用例 2、测试执行工作 3、测试脚本或测试工具开发，提升测试效率 ,Null,
测试工程师实习生,Manteia,https://www.nowcoder.com/intern/5518?jobIds=47376&ncsr=,¥100-150元/天,山东,简历处理率：66%,平均处理：2天,处理快,测试,薪资：100-150元/天  |  实习要求：5天/周，4个月以上  |  转正机会：有, 岗位职责 1、参与公司核心产品的测试工作，包括需求分析评审，制定测试计划，设计测试用例， 实施测试，测试总结； 2、进行缺陷跟踪，风险评估，推动测试中发现问题及时合理地解决； 3、负责在产品过程中发现、收集、暴露质量问题并推动、跟踪问题的解决。 ,Null,
软件研发实习生-QA,图森未来,https://www.nowcoder.com/intern/47488?jobIds=43228&ncsr=,¥300-400元/天,北京,简历处理率：97%,平均处理：2天,处理快,测试,薪资：300-400元/天  |  实习要求：4天/周，6个月以上  |  转正机会：面议, 岗位职责 1、深度参与产品研发项目，协调产品经理、业务研发、用户反馈团队优质交付产品；  2、承担相关测试任务，编写测试计划，设计测试用例，对测试结果进行分析总结，编写测试报告并提交。 ,Null,
软件测试实习工程师,慧国（上海）软件科技有限公司,https://www.nowcoder.com/intern/20846?jobIds=23920&ncsr=,¥250-300元/天,上海,简历处理率：99%,平均处理：1天,处理快,测试,薪资：250-300元/天  |  实习要求：4天/周，6个月以上  |  转正机会：有, 岗位职责 团队介绍：目前慧国拥有一支年轻、强大的研发队伍，主要研制和开发Silicon Motion产品所需之软件包。并可根据消费者市场需求进行开发国内的IC产品及有关的软件产品。 1.设计和执行显卡等多媒体产品的自动化或人工黑盒测试。  2.根据产品应用编写测试用例，测试报告。  3.区分并跟踪bug修复。  4.测试结果矩阵文本化。  5.协助开发团队一同解决问题。  6.编写测试工具。 ,Null,
Software Quality Engineer - Customer Experience,红帽软件（北京）有限公司,https://www.nowcoder.com/intern/13290?jobIds=46961&ncsr=,¥250-300元/天,北京,简历处理率：75%,平均处理：4天,Null,测试,薪资：250-300元/天  |  实习要求：5天/周，5个月以上  |  转正机会：面议, 岗位职责 The Red Hat Quality Engineering (QE) team is looking for a Software Quality Engineer to join us in Beijing  China. In this role  you will work on the entitlement testing for Red Hat portfolio of offerings like Red Hat OpenShift  Red Hat OpenStack  and Red Hat Ansible Automation Platform. You will help improve entitlement customer experiences by accessing Red Hats offerings with proper Red Hat Subscriptions  you will validate the product configuration done by RCM and SKU usage done by offering governance. Youll gain a deep understanding of a variety of technologies  including Kubernetes  virtualization  etc. Youll need to have the willingness to learn new things and the ability to adapt to rapid change and think creatively.  Primary Job Responsibilities * Develop automated tests using Python or Shell scripting * Execute tests via continuous integration (CI) framework and analyze test results * Find defects and write accurate defect reports in the Bugzilla or Jira tracking system * Provide timely  complete  and accurate testing status reports * Build or enhance tools with support from stakeholders in QE and Development teams * Write and maintain internal technical documents * Contribute to internal projects and participate in code reviews ,Null,
Software Quality Engineering Internship-OpenShift,红帽软件（北京）有限公司,https://www.nowcoder.com/intern/13290?jobIds=46970&ncsr=,¥250-300元/天,北京,简历处理率：85%,平均处理：4天,Null,测试,薪资：250-300元/天  |  实习要求：5天/周，5个月以上  |  转正机会：面议, 岗位职责 The Red Hat Quality Engineering (QE) team is looking for a Software Quality Engineering Intern who is intrigued by how things work and constantly looks for ways to make them better to join us in Beijing  China. In this role  you will not just be a testers  you will also be a developer who designs  automates  and finds creative ways to identify potential problems. You will work as part of a team in charge of testing our innovative technology in the Linux domain  focusing on virtualization. This is a great opportunity to test and improve components of our virtualization technologies alongside some of the brightest developers in the open source community.   You will be a part of Red Hat’s culture that makes us unique in the industry  a culture enriched with Open Decision Framework  Open Management Practices  and diversity and inclusion. Your continuous growth will be ensured by extensive learning opportunities  including Red Hat Learning modules and certifications as well as Red Hat University (RHU) courses. Find out more about what it is like to work in Red Hat QE directly from our engineers.  Primary Job Responsibilities * Work closely with your scrum team to improve your understanding of features and offerings * Create  review  execute  and maintain test plans and cases * Develop test automation  * Monitor and analyze automation failures * Discover  report  and verify bugs ,Null,
Software Quality Engineering Internship-Virturalization,红帽软件（北京）有限公司,https://www.nowcoder.com/intern/13290?jobIds=46978&ncsr=,¥250-300元/天,北京,简历处理率：83%,平均处理：4天,Null,测试,薪资：250-300元/天  |  实习要求：5天/周，5个月以上  |  转正机会：面议, 岗位职责 The Red Hat Quality Engineering (QE) team is looking for a Software Quality Engineering Intern to join us in Beijing  China. In this role  you will work with a team in charge of testing and assuring the quality of our Red Hat Enterprise Linux (RHEL) product. You’ll mainly focus on kernel drivers and system integration on popular virtualization and cloud platforms. This is a great opportunity to learn Linux and open source  get in touch with the latest technology on virtualization and cloud  and work with engineers and partners across the world.  Primary Job Responsibilities * Execute test cases following description and steps; create and update test cases * Report bugs when you discover issues * Work with developers  partners  and support  * Research bugs and new features and try to reproduce bugs and validate fixes * Review and fix automation test code; write automation test cases  ,Null,
猿辅导用户增长-前端研发实习生,猿辅导,https://www.nowcoder.com/intern/50209?jobIds=47385&ncsr=,¥800-1000元/天,北京,简历处理率：90%,平均处理：1天,处理快,研发,薪资：800-1000元/天  |  实习要求：4天/周，3个月以上  |  转正机会：有, 岗位职责 岗位介绍  1. 负责广告投放、自有流量活动、微信生态、智能后台等增长核心产品的前端研发工作；  2. 和产研团队紧密协作，解决业务增长过程中所面临的各种挑战；  3. 参与新技术研究、前端基础设施建设、性能优化等工作。    任职要求  1. 2022届及之后的毕业生，计算机及相关专业本科及以上学历；  2. 良好的数据结构和算法基础，优秀的编码能力；  3. 熟练掌握 HTML/CSS/JavaScript 等前端技术；  4. 熟悉至少 1 种 JavaScript 框架；  5. 有 Node.js 开发经验者优先；  6. 日常实习或者暑期实习均可，每周出勤不少于3天，能长期实习者优先。    福利待遇  1. 超高日薪：日薪600元，每周实习4天及以上，会有200元/天的全勤奖，即日薪800元；  2. 导师帮带：部门金牌导师一对一帮带，让你实习有所收获、有所成长；  3. 快速成长：接触有挑战性的项目，在项目中不断精进技术；  4. 福利多多：每日40元餐费补贴，每月120元团建补贴，全天零食饮料无限量供应，免费使用公司签约的健身房等；  5. 直通秋招：转正名额多多（实习转正优先）；实习面试不通过，不影响秋招流程。    ﻿招聘流程 ,Null,
云计算开发工程师,远景,https://www.nowcoder.com/intern/51983?jobIds=49072&ncsr=,¥250-300元/天,北京 上海 其他,简历处理率：100%,平均处理：1天,处理快,研发,薪资：250-300元/天  |  实习要求：4天/周，2个月以上  |  转正机会：有, 岗位职责 云计算开发工程师 ,Null,
后端开发工程师,远景,https://www.nowcoder.com/intern/51983?jobIds=49066&ncsr=,¥250-300元/天,北京 上海 其他,简历处理率：99%,平均处理：1天,处理快,研发,薪资：250-300元/天  |  实习要求：4天/周，2个月以上  |  转正机会：有, 岗位职责 后端开发工程师 ,Null,
运维工程师,远景,https://www.nowcoder.com/intern/51983?jobIds=49074&ncsr=,¥250-300元/天,北京 上海 其他,简历处理率：100%,平均处理：1天,处理快,研发,薪资：250-300元/天  |  实习要求：4天/周，2个月以上  |  转正机会：有, 岗位职责 运维工程师 ,Null,
c++软件工程师,元戎启行,https://www.nowcoder.com/intern/46809?jobIds=45536&ncsr=,¥薪酬面议,深圳,简历处理率：96%,平均处理：1天,处理快,研发,薪酬：面议  |  实习要求：5天/周，3个月以上  |  转正机会：有, 岗位职责 1.设计并实现Deeproute.ai自动驾驶系统的核心软件框架；  2.使关键性能模块快速可靠；  3.集成具有自动驾驶能力的前沿传感器。 ,Null,
搜索质量平台部-开发工程师（实习）,百度,https://www.nowcoder.com/intern/49369?jobIds=46210&ncsr=,¥250-300元/天,北京 上海,简历处理率：77%,平均处理：8天,Null,研发,薪资：250-300元/天  |  实习要求：4天/周，6个月以上  |  转正机会：有, 岗位职责 --负责工程平台的设计、开发及优化工作； --负责将基础架构方案引入到更多测试平台，为其提效； - 负责部门通用中间件、底层基础服务后端架构设计与实现，包含上云方案、策略平台； --负责部门通用中间件、底层基础服务后端架构设计与实现，包含资源调度、任务调度；  ,Null,
iOS Andorid 研发工程师（实习）,百度,https://www.nowcoder.com/intern/49369?jobIds=46211&ncsr=,¥250-300元/天,北京 上海,简历处理率：60%,平均处理：12天,Null,研发,薪资：250-300元/天  |  实习要求：4天/周，6个月以上  |  转正机会：有, 岗位职责 --负责移动端测试工具的开发和功能优化扩展；  --负责移动测试工具在业务团队的实施方案的落地及优化 ； --为百度产品线提供移动测试服务支持或APP/SDK技术支持；  --研究移动端测试新技术； ,Null,
（21春招补录）JAVA开发工程师,百度,https://www.nowcoder.com/intern/49369?jobIds=49191&ncsr=,¥薪酬面议,北京 上海,简历处理率：51%,平均处理：3天,Null,研发,薪酬：面议  |  实习要求：5天/周，12个月以上  |  转正机会：有, 岗位职责 1、负责后端程序的架构设计与开发，并与Web前端和移动端沟通协作；  2、负责后台数据库架构设计，至少熟悉一个关系型数据库（如MySQL、SQL Server）以及相关的数据库调优技巧；  3、按照需求对产品后端程序功能进行修改和升级；  4、负责代码的优化和维护，保障运行效率 ,Null,
2022届-服务端实习生-学而思网校1对1,学而思,https://www.nowcoder.com/intern/18388?jobIds=46161&ncsr=,¥薪酬面议,北京,简历处理率：97%,平均处理：2天,处理快,研发,薪酬：面议  |  实习要求：5天/周，3个月以上  |  转正机会：有, 岗位职责 1、负责服务端业务开发； 2、主要实现语言为PHP/Golang。 ,Null,
2022届-客户端实习生-学而思网校1对1,学而思,https://www.nowcoder.com/intern/18388?jobIds=46159&ncsr=,¥薪酬面议,北京,简历处理率：97%,平均处理：2天,处理快,研发,薪酬：面议  |  实习要求：3天/周，3个月以上  |  转正机会：有, 岗位职责 1、良好的设计和编码品味，热爱写代码能产出高质量的设计和代码； 2、具有良好的计算机专业知识基础，对数据结构、操作系统、算法等专业知识掌握良好； 3、支持 mac  windows 两个端的日常迭***， 优化项目中的不合理的地方； 4、针对于音视频， 网络， cef 浏览器内核做针对性的优化和二次开发。   ,Null,
【内推】实习生 - 前端开发,趋势科技,https://www.nowcoder.com/intern/437?jobIds=50353&ncsr=,¥150-200元/天,南京,简历处理率：100%,平均处理：1天,处理快,研发,薪资：150-200元/天  |  实习要求：4天/周，3个月以上  |  转正机会：面议, 岗位职责 参与产品开发，协助实现UI界面设计和实现 ,Null,
【内推】实习生-开发测试,趋势科技,https://www.nowcoder.com/intern/437?jobIds=10824&ncsr=,¥150-200元/天,南京,简历处理率：100%,平均处理：4天,有反馈,研发,薪资：150-200元/天  |  实习要求：4天/周，6个月以上  |  转正机会：有, 岗位职责 1. 基于趋势科技全球开发测试平台，定制开发相关的系统平台和工具链 2. 基于趋势产品，自动化测试工具的研发 3. 业界主流软件研发工具与流程的研究，如容器化，DevOps，Cloud等 ,Null,
【内推】实习生-软件开发,趋势科技,https://www.nowcoder.com/intern/437?jobIds=10823&ncsr=,¥150-200元/天,南京,简历处理率：100%,平均处理：2天,处理快,研发,薪资：150-200元/天  |  实习要求：4天/周，6个月以上  |  转正机会：有, 岗位职责 加入不同项目团队，共同完成趋势科技产品的研发相关工作 ,Null,
Java开发实习生,阿里健康,https://www.nowcoder.com/intern/18482?jobIds=47663&ncsr=,¥500-800元/天,北京,简历处理率：90%,平均处理：2天,处理快,研发,薪资：500-800元/天  |  实习要求：4天/周，3个月以上  |  转正机会：有, 岗位职责 阿里健康是阿里巴巴集团“Double H”战略（Health and Happiness）在医疗健康领域的旗舰平台。  凭借阿里巴巴集团在电子商务、大数据和云计算领域的优势，阿里健康以用户为核心，为医疗健康行业提供全面的互联网解决方案。  我们是年轻、活力、勤奋的团队，牛人众多。注重技术人才能力培养。  欢迎加入我们，一起用技术助力医疗，让健康触手可得！ ,Null,
Java开发实习生,阿里健康,https://www.nowcoder.com/intern/17516?jobIds=21373&ncsr=,¥薪酬面议,北京,简历处理率：97%,平均处理：1天,处理快,研发,薪酬：面议  |  实习要求：4天/周，3个月以上  |  转正机会：有, 岗位职责 阿里健康是阿里巴巴集团“Double H”战略（Health and Happiness）在医疗健康领域的旗舰平台。  凭借阿里巴巴集团在电子商务、大数据和云计算领域的优势，阿里健康以用户为核心，为医疗健康行业提供全面的互联网解决方案。  我们是年轻、活力、勤奋的团队，牛人众多。注重技术人才能力培养。  欢迎加入我们，一起用技术助力医疗，让健康触手可得！ ,Null,
阿里健康Java开发实习生,阿里健康,https://www.nowcoder.com/intern/18545?jobIds=47694&ncsr=,¥300-400元/天,北京,简历处理率：94%,平均处理：1天,处理快,研发,薪资：300-400元/天  |  实习要求：3天/周，3个月以上  |  转正机会：有, 岗位职责 1、 参与需求评审、功能设计和服务端编码开发； 2、 参与新技术预研； 3、 和众多优秀的工程师一起用新技术在医疗健康领域进行创新； ,Null,
阿里健康java实习生,阿里健康,https://www.nowcoder.com/intern/50492?jobIds=47689&ncsr=,¥薪酬面议,北京,简历处理率：-,平均处理：-,Null,研发,薪酬：面议  |  实习要求：3天/周，3个月以上  |  转正机会：有, 岗位职责 阿里健康是阿里巴巴集团“Double H”战略（Health and Happiness）在医疗健康领域的旗舰平台。  凭借阿里巴巴集团在电子商务、大数据和云计算领域的优势，阿里健康以用户为核心，为医疗健康行业提供全面的互联网解决方案。  我们是年轻、活力、勤奋的团队，牛人众多。注重技术人才能力培养。  欢迎加入我们，一起用技术助力医疗，让健康触手可得！   ,Null,
阿里巴巴高德实习内推,高德,https://www.nowcoder.com/intern/50560?jobIds=47738&ncsr=,¥薪酬面议,北京,简历处理率：40%,平均处理：1天,处理快,研发,薪酬：面议  |  实习要求：5天/周，1个月以上  |  转正机会：有, 岗位职责 web端开发 1. 参与地图数据相关平台前端建设，解决海量数据渲染和复杂交互问题，实现高效好用的工具平台。 2. 参与前端基础设施建设，如业务组件设计封装、框架设计等； 3. 研究和探索 Web 前沿技术，提升开发效率或提升相关平台性能。  高德-地图数据智能算法-机器学习算法工程师 1.负责地图数据的算法研发工作。 2.应用前沿的计算机视觉/自然语言处理/搜索推荐/数据挖掘等技术，进行地图数据挖掘和效果优化，使得用户能在地图上获得更加智能的体验 3. 工作职责包括但不限于：针对海量时空数据，分析并建立数据模型。对于现实世界的变化发现和建模，基础算法性能优化。  算法工程师-运筹优化 1. 结合高德地图数据更新链路上的业务需求，从优化和机器学习的视角解决一些数据采集的调度效率的问题； 2. 参与运筹优化或机器学习方向的算法研究和开发，包括但不限于线性规划，强化学习，组合优化，随机优化等; 3. 具备良好的数学建模能力、数据清洗和特征挖掘的能力，从复杂业务需求中抽象出问题的数学建模和给出解决方案；  高德地图业务中心 - 实习NLP算法工程师 高德地图数据算法团队致力于运用先进的智能技术，打造及时、准确的活地图数据，服务4亿+活跃用户。我们需要自然语言理解方向的算法同学加入，通过对POI、行业情报、互联网、用户反馈等非结构化文本的处理，抽取静态和动态的结构化数据，构建知识图谱，使用户获得更加智能的出行和服务体验。 ,Null,
自动驾驶决策规划研发实习生,毫末智行,https://www.nowcoder.com/intern/29984?jobIds=35985&ncsr=,¥200-250元/天,北京,简历处理率：100%,平均处理：2天,处理快,研发,薪资：200-250元/天  |  实习要求：5天/周，3个月以上  |  转正机会：有, 岗位职责 1. 基于感知、行为决策、轨迹预测及自车等信息，设计出完备性好，最优性高的轨迹规划算法模型。  2. 基于导航、感知、预测及自车等信息，设计出覆盖场景全、应对能力强、稳定性高的行为决策算法模型。  ,Null,
Unity前端工程师（远程实习）,MindCoord,https://www.nowcoder.com/intern/42044?jobIds=39504&ncsr=,¥薪酬面议,北京 上海 广州 深圳 杭州 南京 成都 厦门 武汉 西安 长沙 哈尔滨 合肥 长春 其他,简历处理率：95%,平均处理：3天,有反馈,研发,薪酬：面议  |  实习要求：5天/周，4个月以上  |  转正机会：有, 岗位职责 1. 使用Unity进行部分产品逻辑的代码编写  2. 负责研究和解决产品开发中的技术问题 ,Null,
[直通笔试]美团优选-数据开发工程师,美团,https://www.nowcoder.com/intern/50199?jobIds=47361&ncsr=,¥250-300元/天,北京 上海 成都,简历处理率：96%,平均处理：1天,处理快,数据,薪资：250-300元/天  |  实习要求：4天/周，2个月以上  |  转正机会：有, 岗位职责 岗位职责： 美团拥有涵盖吃喝玩乐住行的全链条大数据，公司非常注重数据价值，数据是美团的核心资产，同时也是下一代新能源，数据的高效管理和价值挖掘是各公司业务发展的基础和保障，公司的核心经营决策、百万外卖小哥的调度、广告、搜索、推荐等用户产品的正常运转等都不离不开数据，数据就像血液一样渗透到美团的方方面面。在本岗位上，你将参与： 1.数据仓库的建设、组织和管理，沉淀数据资产； 2.数据建设过程的各项工具研发，如数据安全、数据质量、数据开发的工具链等； 3.数据应用的研发，如商业智能、挖掘、分析报告、数据可视化等； 4.其他服务于业务各环节的数据运营工作； 加入我们，参与建设、引领本地生活服务行业的大数据发展潮流，一起努力，通过数据帮大家吃得更好，生活更好。 ,Null,
数据挖掘实习生,斗鱼直播,https://www.nowcoder.com/intern/11912?jobIds=50328&ncsr=,¥200-250元/天,武汉,简历处理率：-,平均处理：-,Null,数据,薪资：200-250元/天  |  实习要求：4天/周，3个月以上  |  转正机会：有, 岗位职责 本岗位为22届实习生岗位，实习3个月以上有留用机会。 1、对接支撑业务需求，通过数据分析、数据挖掘等方法，为平台各分区运营及产品优化提供量化的运营支持和建议； 2、研究用户行为和观看消费习惯，为产品优化和运营决策提供数据支持，如用户画像、用户生命周期预测等； 3、沉淀分析思路和框架，提炼规划相关数据产品，并推动数据产品的落地及实施； 4、根据不同场景，设计指标体系和数据采集方案，及时监控发现异常，分析原因并提供建议和解决方案。   ,Null,
数据分析实习生,酷家乐（杭州群核信息技术公司）,https://www.nowcoder.com/intern/52061?jobIds=49249&ncsr=,¥150-200元/天,上海 杭州,简历处理率：63%,平均处理：1天,处理快,数据,薪资：150-200元/天  |  实习要求：3天/周，3个月以上  |  转正机会：有, 岗位职责 1、负责酷家乐产品迭代和业务运营所涉及的数据分析工作；  2、构建和完善数据报表体系，及时准确监控业务状况，并提供专业分析报告。 ,Null,
数据分析工程师,PingCAP,https://www.nowcoder.com/intern/6214?jobIds=49856&ncsr=,¥300-400元/天,北京 杭州,简历处理率：33%,平均处理：1天,处理快,数据,薪资：300-400元/天  |  实习要求：3天/周，6个月以上  |  转正机会：有, 岗位职责 1、搭建软件工程开发过程监控指标体系化，进行异动分析或深度的专题分析定位并寻求解决方案。 2、通过跟踪分析开发生命周期，协助进行项目管理提升产品研发效率。 3、通过收集各大云厂商价格信息进行测试环境采购预算成本分析。  ,Null,
数据仓库,北京领格卓越科技有限公司,https://www.nowcoder.com/intern/51657?jobIds=48855&ncsr=,¥150-200元/天,北京,简历处理率：95%,平均处理：1天,处理快,数据,薪资：150-200元/天  |  实习要求：5天/周，4个月以上  |  转正机会：有, 岗位职责 - 参与离线/实时数据模型设计、加工处理，保证数据质量，参与数据体系的建立和维护； - 参与数据的清洗和处理，支持数据业务、分析师等的数据需求； ,Null,
大数据研发工程师 （21届补招）,网易互娱,https://www.nowcoder.com/intern/17075?jobIds=49619&ncsr=,¥250-300元/天,广州,简历处理率：14%,平均处理：1天,处理快,数据,薪资：250-300元/天  |  实习要求：5天/周，6个月以上  |  转正机会：有, 岗位职责 网易游戏互娱Data研发部门，致力于建设国内领先的数据平台，为公司高层及各产品、营销、运营同事提供全方面的数据；建设和运营基于大数据的精准买量平台，广告AI算法、买量成本、买量消耗均行业领先，未来我们会在数据平台和买量领域深耕，欢迎加入我们！与我们一起前行！  您可以： - 参与海量数据实时/离线计算、存储、查询等解决方案的设计和研发； - 负责通过商业智能分析，推动游戏产品的数据化运营和公司的业绩增长； - 构建PB级的数据产品，为公司运营决策、游戏产品方向、游戏推广策略提供数据支持。 ,Null,
数据工程师,上海启林投资管理有限公司,https://www.nowcoder.com/intern/42922?jobIds=49340&ncsr=,¥250-300元/天,上海,简历处理率：-,平均处理：-,Null,数据,薪资：250-300元/天  |  实习要求：3天/周，3个月以上  |  转正机会：有, 岗位职责 1.设计开发量化相关数据的数据清洗、生产流程和规范； 2.负责公司内部量化研究数据仓库的搭建、开发和维护。高效存储和加工海量金融数据； 3.负责公司内部关系型数据库的维护和性能调优； 4.对交易数据进行定量分析和研究。参与风控和运维系统的设计和开发； 5.与策略人员合作开发数据类工具； ,Null,
数据工程师实习生,上海启林投资管理有限公司,https://www.nowcoder.com/intern/42922?jobIds=42682&ncsr=,¥200-250元/天,上海,简历处理率：42%,平均处理：7天,Null,数据,薪资：200-250元/天  |  实习要求：3天/周，3个月以上  |  转正机会：有, 岗位职责 1.  设计开发量化相关数据的数据清洗、生产流程和规范；  2.  负责公司内部量化研究数据仓库的搭建、开发和维护。高效存储和加工海量金融数据；  3.  负责公司内部关系型数据库的维护和性能调优；  4.  对交易数据进行定量分析和研究。参与风控和运维系统的设计和开发；  5.  与策略人员合作开发数据类工具； ,Null,
数据处理实习生,北京经纬恒润科技股份有限公司,https://www.nowcoder.com/intern/13018?jobIds=42161&ncsr=,¥150-200元/天,北京,简历处理率：58%,平均处理：3天,Null,数据,薪资：150-200元/天  |  实习要求：5天/周，3个月以上  |  转正机会：有, 岗位职责 1. 负责激光雷达数据和图像数据的采集与解析 2. 对标注后的数据进行验收，类别统计和数据集制作 3. 负责数据预处理，预标注与半自动标注框架系统开发 ,Null,
图像标注实习生,聚时科技,https://www.nowcoder.com/intern/42904?jobIds=37114&ncsr=,¥150-200元/天,上海,简历处理率：100%,平均处理：2天,处理快,数据,薪资：150-200元/天  |  实习要求：5天/周，3个月以上  |  转正机会：有, 岗位职责 1.负责图像筛选和分类 2.通过学习标注规则，熟练使用标注工具，进行图片轮廓标注（在图像上将目标物体的轮廓标注出来），对标注效率和标注质量负责；  3.定期总结标注经验，提供标注工具开发与使用的建议 ,Null,
前端工程师,清远墨墨教育科技有限公司,https://www.nowcoder.com/intern/656?jobIds=2684&ncsr=,¥200-250元/天,清远,简历处理率：98%,平均处理：105天,有反馈,前端,薪资：200-250元/天  |  实习要求：6天/周，3个月以上  |  转正机会：有, 岗位职责 #工作内容#  1. 已有产品的web功能页面前端开发和优化；  2. 后台管理界面的开发和优化；  3. 协助产品和UI设计完成为 web 端各类宣传页面制作；  4. 自动排版书籍项目（较难，可选）。 ,Null,
【2021应届】前端开发工程师,4399游戏,https://www.nowcoder.com/intern/29664?jobIds=43900&ncsr=,¥薪酬面议,广州,简历处理率：-,平均处理：-,Null,前端,薪酬：面议  |  实习要求：4天/周，6个月以上  |  转正机会：有, 岗位职责 图形渲染开发，UE4前端开发，UE4引擎开发 U3D前端引擎开发，web前端开发，数据研发工程师，java后端 开发岗位等之一 ,Null,
前端开发实习生,酷家乐（杭州群核信息技术公司）,https://www.nowcoder.com/intern/52061?jobIds=49246&ncsr=,¥150-200元/天,上海 杭州 成都,简历处理率：77%,平均处理：1天,处理快,前端,薪资：150-200元/天  |  实习要求：3天/周，3个月以上  |  转正机会：有, 岗位职责 1、负责酷家乐面向用户的前端产品开发工作；  2、根据项目需求，设计与实现具有兼具极致用户体验和良好可维护性的工程。 ,Null,
React-前端工程师,北京小红花科技有限公司,https://www.nowcoder.com/intern/50967?jobIds=48294&ncsr=,¥150-200元/天,北京,简历处理率：-,平均处理：-,Null,前端,薪资：150-200元/天  |  实习要求：5天/周，3个月以上  |  转正机会：有, 岗位职责 工作内容：   1. 主要负责开发和维护React框架的Web前端项目；  2. 以及和后端的交互（Python Django/ Flask 框架）；  3. 按照产品设计实现最终界面和功能效果；      ,Null,
web前端实习生-大数据中心,搜狐,https://www.nowcoder.com/intern/1124?jobIds=2854&ncsr=,¥250-300元/天,北京,简历处理率：99%,平均处理：4天,有反馈,前端,薪资：250-300元/天  |  实习要求：4天/周，4个月以上  |  转正机会：有, 岗位职责 1.负责软件项目web前台页面开发、设计 2.参与网站原型设计，根据项目需求给出设计方案并实现 3.负责web前后台间整合 ,Null,
Web前端开发实习生,广州虎牙科技有限公司,https://www.nowcoder.com/intern/10740?jobIds=18573&ncsr=,¥150-200元/天,广州,简历处理率：99%,平均处理：3天,有反馈,前端,薪资：150-200元/天  |  实习要求：5天/周，5个月以上  |  转正机会：面议, 岗位职责 1、负责公司内部基础平台的开发建设与维护； ,Null,
前端开发工程师实习生,深圳市闪聚互动网络科技有限公司,https://www.nowcoder.com/intern/46251?jobIds=41210&ncsr=,¥150-200元/天,深圳,简历处理率：97%,平均处理：6天,有反馈,前端,薪资：150-200元/天  |  实习要求：5天/周，3个月以上  |  转正机会：有, 岗位职责 1、负责小程序项目的前端构建，各类交互设计与实现，负责现有项目的迭***、维护以及优化；  2、与产品经理、设计师一起讨论产品设计，并与后端工程师合作制定最佳的技术实现方案；  3、根据产品UI设计稿完成页面的复原并完成功能的开发，增强用户视觉和交互体验；  4、参与游戏小程序的功能设计和开发实现，分担核心功能、公共核心模块的代码编写，确保项目进度和质量；  5、研究新技术以满足产品业务需求，参与前端基础技术组件开发实现技术复用。   ,Null,
小程序前端开发实习生,深圳市闪聚互动网络科技有限公司,https://www.nowcoder.com/intern/46251?jobIds=42735&ncsr=,¥150-200元/天,深圳,简历处理率：100%,平均处理：9天,有反馈,前端,薪资：150-200元/天  |  实习要求：5天/周，3个月以上  |  转正机会：有, 岗位职责 1、负责小程序项目的前端构建，各类交互设计与实现，负责现有项目的迭***、维护以及优化； 2、与产品经理、设计师一起讨论产品设计，并与后端工程师合作制定技术实现方案； 3、根据产品UI设计稿完成页面的复原并完成功能的开发，增强用户视觉和交互体验； 4、参与游戏小程序的功能设计和开发实现，分担核心功能、公共核心模块的代码编写，确保项目进度和质量； 5、研究新技术以满足产品业务需求，参与前端基础技术组件开发实现技术复用。 ,Null,
前端开发,上海快仓智能科技有限公司,https://www.nowcoder.com/intern/43223?jobIds=46191&ncsr=,¥150-200元/天,上海,简历处理率：7%,平均处理：4天,Null,前端,薪资：150-200元/天  |  实习要求：4天/周，3个月以上  |  转正机会：有, 岗位职责 1、负责公司产品、平台的前端研发工作；  2、负责技术文档的编写。   ,Null,
前端开发工程师,上海启林投资管理有限公司,https://www.nowcoder.com/intern/42922?jobIds=42678&ncsr=,¥250-300元/天,上海,简历处理率：14%,平均处理：5天,Null,前端,薪资：250-300元/天  |  实习要求：3天/周，3个月以上  |  转正机会：有, 岗位职责 1.负责公司应用系统及产品的前端框架搭建、开发； 2.配合产品需求，完成WEB及移动应用H5功能设计和开发； 3.与后端服务开发协作，完成前后端接口定义、数据交互、动态信息展现； 4.对产品的前端性能进行优化，确保产品具有优质的用户体验。    ,Null,
英语口语课程编辑 （产品方向）,成都超有爱科技有限公司,https://www.nowcoder.com/intern/563?jobIds=49145&ncsr=,¥150-200元/天,成都,简历处理率：100%,平均处理：1天,处理快,其他,薪资：150-200元/天  |  实习要求：5天/周，3个月以上  |  转正机会：面议, 岗位职责 1. 参与团队讨论，将需求落实到脚本，将脚本写入媒体（KeyNote 或 PowerPoint）  2. 管理公众号客户，交流和管理课程平台的内容迭代  3. 研究课程并通过一定渠道表现出来给设计师、程序开发团队和教研经理。  4. 编写并纠正现有课程的脚本和表现形式 ,Null,
财务助理实习生,星测未来科技（北京）有限责任公司,https://www.nowcoder.com/intern/44396?jobIds=49520&ncsr=,¥250-300元/天,北京,简历处理率：-,平均处理：-,Null,其他,薪资：250-300元/天  |  实习要求：3天/周，3个月以上  |  转正机会：有, 岗位职责 1、日常工作 1) 协助公司财务主管完成日常会计核算，包括但不限于：会计凭证及会计账簿的编制管理、月度会计报表的出具等； 2) 负责公司常规性费用报销单据整理、银行付款相关事宜； 3）协助公司财务主管完成合规税务申报，并负责发票管理相关工作； 4）协助管理公司内部资金池，包括但不限于：内部资金调拨、投资理财产品的运营等 2、专项工作 1）参与公司季度财务分析报告的编制及预算执行情况的分析，并提出建设性意见； 2）深度参与公司2020年度企业所得税汇算清缴相关工作； 3）深度参与公司国家高新技术企业资质申请的财务相关文件准备； 4）深度参与公司财务核算指南的编制及财务电算化系统的上线运行工作； 5）参与公司融资相关的财税支持工作 ,Null,
HR实习生,上海茵朗信息科技有限公司,https://www.nowcoder.com/intern/29095?jobIds=37351&ncsr=,¥150-200元/天,上海,简历处理率：100%,平均处理：3天,有反馈,其他,薪资：150-200元/天  |  实习要求：4天/周，3个月以上  |  转正机会：没有, 岗位职责 1、 维护公司招聘渠道，更新招聘信息 ；  2、 根据JD筛选、推荐简历，候选人沟通，邀约面试；  3、 负责跟进面试安排、面试反馈等招聘整体流程 ；  4、 协助完成人力资源其他相关工作，包括员工入离职办理、数据整理、合同文件整理等。 ,Null,
雅思营销实习生,上海茵朗信息科技有限公司,https://www.nowcoder.com/intern/29095?jobIds=32215&ncsr=,¥400-500元/天,上海,简历处理率：100%,平均处理：2天,处理快,其他,薪资：400-500元/天  |  实习要求：4天/周，4个月以上  |  转正机会：有, 岗位职责 【岗位职责】 1、线上用户深度运营，解答雅思课程相关问题，实现用户付费转化，完成课程营销。 2、协助其他营销活动运营与执行。   【工作时间】 工作时间较为灵活，一周至少有4天空闲时间，实习3-4个月以上～ ,Null,
英语教学助理,上海茵朗信息科技有限公司,https://www.nowcoder.com/intern/29095?jobIds=31533&ncsr=,¥300-400元/天,上海,简历处理率：100%,平均处理：3天,有反馈,其他,薪资：300-400元/天  |  实习要求：5天/周，10个月以上  |  转正机会：有, 岗位职责 工作任务： 1. 辅助主讲老师的教研及教学工作 2. 根据学生情况规划日常学习任务并陪伴监督学生完成 3. 批改学生日常作业并定期向学生反馈学习情况 4. 对于学生的雅思及英语学习相关问题进行解答  工作时间：  做五休二（休息日一天安排在工作日，一天安排在周末） 休息日和下班后需要定期跟进学生消息  需要全勤实习满4个月以上哦，欢迎长期实习~   实习薪资：  【全勤】6000元底薪+2000元绩效/月（入职满一个月之后开始有绩效~） ,Null,
猎头顾问/助理,广州希浩信息科技有限公司,https://www.nowcoder.com/intern/48033?jobIds=45914&ncsr=,¥100-150元/天,广州,简历处理率：70%,平均处理：3天,Null,其他,薪资：100-150元/天  |  实习要求：4天/周，3个月以上  |  转正机会：有, 岗位职责  1、在猎头顾问指导下明确客户的招聘需求； 2、根据客户需求运用各种途径有效的扩大招聘渠道，挖掘合适的候选人，与候选人建立良好关系； 3、维护日常招聘渠道的管理并且协助完成顾问安排的其他相关工作。    ,Null,
广告设计实习生（广州）,探探,https://www.nowcoder.com/intern/51577?jobIds=48414&ncsr=,¥200-250元/天,广州,简历处理率：71%,平均处理：1天,处理快,其他,薪资：200-250元/天  |  实习要求：4天/周，3个月以上  |  转正机会：有, 岗位职责 1、负责探探国际化业务（日韩市场）的平面广告设计工作，包含简单字体设计；  2、负责视频剪辑及视频设计工作；  3、leader交代的其他广告素材设计类工作。  4、备注：请投递PDF简历 ,Null,
运维工程师（面向 21 年毕业生）,广州明朝互动科技股份有限公司,https://www.nowcoder.com/intern/38679?jobIds=43599&ncsr=,¥150-200元/天,广州,简历处理率：85%,平均处理：4天,Null,其他,薪资：150-200元/天  |  实习要求：5天/周，3个月以上  |  转正机会：有, 岗位职责 1、负责配置游戏运行环境，安装游戏； 2、游戏服务器的规划、监控，数据备份，日志分析，故障排除，性能调优等工作；  3、研究运维相关技术，根据系统需求制定运维技术方案；  4、研究系统架构、提高系统的健康性，参与运维流程制定、保证高效响应。 ,Null,
英文编辑实习生 （Group 3）,北京金泰伦技术服务有限公司,https://www.nowcoder.com/intern/40141?jobIds=35166&ncsr=,¥150-200元/天,北京,简历处理率：44%,平均处理：3天,Null,其他,薪资：150-200元/天  |  实习要求：3天/周，3个月以上  |  转正机会：有, 岗位职责 职位描述： 1、英文网站相关的信息搜集、整理与编辑； 2、英文网站相关内容的文字写作； 3、配合产品经理完成相关的内容建设和产品优化；  ,Null,
【2021年应届】设计岗位,4399游戏,https://www.nowcoder.com/intern/29664?jobIds=43906&ncsr=,¥薪酬面议,广州,简历处理率：-,平均处理：-,Null,其他,薪酬：面议  |  实习要求：4天/周，6个月以上  |  转正机会：有, 岗位职责 视频设计，视觉设计，UI设计，3D特效设计，3D动作设计，3D角色设计，角色原画设计，场景设计等，几个方向之一即可投递 ,Null,
用户增长实习生,好未来,https://www.nowcoder.com/intern/41757?jobIds=36624&ncsr=,¥150-200元/天,北京,简历处理率：98%,平均处理：1天,处理快,运营,薪资：150-200元/天  |  实习要求：5天/周，3个月以上  |  转正机会：有, 岗位职责 1、针对公司课程产品，协助团队制定用户增长运营策略，持续优化的增长模型；  2、有基本的文案功底和策划能力，能完成传播方案的制作；  3、愿意探索时下有效的微信营销玩法，并能够对方案举一反三挖掘新的形势，实现用户增长；  【工作地点】  北京市昌平区龙冠和谐大厦 ,Null,
发行运营（iOS方向）,广州明朝互动科技股份有限公司,https://www.nowcoder.com/intern/38679?jobIds=46170&ncsr=,¥150-200元/天,广州,简历处理率：100%,平均处理：1天,处理快,运营,薪资：150-200元/天  |  实习要求：5天/周，3个月以上  |  转正机会：有, 岗位职责 1、负责IOS上架过审全部流程，分析各类不同过原因和调整方式，提高过审率等；  2、负责苹果开发者帐号的协助申请与管理；  3、负责游戏产品包装设计和资源排期制作，测试验收；  4、负责相关功能、工具需求文档的撰写，并跟进开发； 5、负责市场信息收集、竞品信息收集，取其精华进行借鉴； 6、协助游戏产品上下架、日常运营、用户管理、更新管理；  ,Null,
游戏产品运营（面向21年毕业生）,广州明朝互动科技股份有限公司,https://www.nowcoder.com/intern/38679?jobIds=34341&ncsr=,¥150-200元/天,广州,简历处理率：97%,平均处理：5天,有反馈,运营,薪资：150-200元/天  |  实习要求：5天/周，3个月以上  |  转正机会：有, 岗位职责 1、参与游戏体验和提出改进建议； 2、持续监测、分析、解决游戏运营问题； 3、策划游戏活动，方案撰写、执行、分析并改进； 4、协调公司内部各部门之间的接口及沟通工作，保证项目和需求正常推动； 5、参与国内/海外版本上线和运营工作； 6、业内相关产品评测和分析； ,Null,
游戏体验/测评实习生,App Annie,https://www.nowcoder.com/intern/5943?jobIds=25835&ncsr=,¥200-250元/天,北京 上海 广州 深圳 杭州 南京 成都 厦门 武汉 西安 长沙 哈尔滨 合肥 长春 其他,简历处理率：30%,平均处理：5天,Null,运营,薪资：200-250元/天  |  实习要求：5天/周，4个月以上  |  转正机会：面议, 岗位职责 App Annie delivers data and insights to succeed in the app economy.  What can you tell your friends when they ask you what you do? Rich Game Classification which aims to provide an automated and scalable analytics solution for mobile game stakeholders is the main project for the DNA team. The intern will assist the DNA team with various classification tasks.  How will you be doing this? The scope of work would include the following but not limited to: Responsible for game classification  including genre  art style  IP  gameplay features and monetization features for games; Participate with team in researching game industry through thinking about the design of the game  compare similar games and analyze the problems of the game; Support team tracking upcoming games according to forum  events  webinars  workshops  etc.  ,Null,
新媒体运营实习生,深圳市卡牛科技有限公司,https://www.nowcoder.com/intern/18161?jobIds=50243&ncsr=,¥150-200元/天,深圳,简历处理率：-,平均处理：-,Null,运营,薪资：150-200元/天  |  实习要求：5天/周，6个月以上  |  转正机会：面议, 岗位职责 1、提炼产品亮点，制作推广软文、视频等内容在新媒体平台上进行传播，对流量负责； 2、针对目标用户，结合相应的场景和平台，策划拉新/留存等活动，推广并执行； 3、分析用户日常行为数据，及时作出判断和调整，搜集用户反馈，协助产品迭代升级。   ,Null,
运营实习生（电商方向）,深圳市卡牛科技有限公司,https://www.nowcoder.com/intern/18161?jobIds=42768&ncsr=,¥200-250元/天,深圳,简历处理率：28%,平均处理：8天,Null,运营,薪资：200-250元/天  |  实习要求：5天/周，6个月以上  |  转正机会：面议, 岗位职责 1. 维护平台SKU选品，负责商品的上下架，对价格、封面、内容文案等信息进行编辑； 2. 协助编写推广营销文案，配置推广计划，以及参与公众号内容的策划与编写； 3. 参与用户社群的维护，发起话题等活动，提高用户活跃； 4. 收集用户意见整理运营反馈，提出优化需求，对接产品跟进执行； 5. 调研竞品和电商平台运营策略、营销节奏，及时反馈相关动向。     ,Null,
游戏产品运营,三七互娱,https://www.nowcoder.com/intern/30168?jobIds=47043&ncsr=,¥薪酬面议,广州,简历处理率：86%,平均处理：1天,处理快,运营,薪酬：面议  |  实习要求：5天/周，3个月以上  |  转正机会：有, 岗位职责 1、负责游戏线上运营的日常工作，如开合服，版本、活动等；  2、通过数据分析、产品体验、竞品分析等对产品提出调优建议，协助产品商业化及版本内容更新；  3、根据活动和版本节奏，进行用户调研，提供精准的用户画像；  4、密切监控项目组游戏相关数据，及时发现问题解决问题，保证游戏正常运营；  5、根据项目需求及时调整渠道的接入，保证项目正常运转，收益最大化。 ,Null,
游戏策划实习生,上海博思文化传播有限公司,https://www.nowcoder.com/intern/42626?jobIds=45805&ncsr=,¥100-150元/天,上海,简历处理率：85%,平均处理：1天,处理快,运营,薪资：100-150元/天  |  实习要求：3天/周，5个月以上  |  转正机会：有, 岗位职责 技能要求： 游戏策划，手机游戏，游戏制作人，交互设计，数值策划，产品设计师 1、协助项目组长完成动漫游戏；  2、配合项目组长及程序开发人员完成项目；  3、服从安排，工作认真踏实努力，适应能力强。 ,Null,
运营实习生,动次科技,https://www.nowcoder.com/intern/33169?jobIds=39842&ncsr=,¥100-150元/天,北京,简历处理率：84%,平均处理：3天,Null,运营,薪资：100-150元/天  |  实习要求：5天/周，3个月以上  |  转正机会：有, 岗位职责 【岗位职责】  1. 负责跟进用户的产品使用反馈，整理优化建议  2. B端线上活动的策划支持和执行以及效果跟进  3. 其他项目支持   ,Null,
社群运营实习生,网易有道,https://www.nowcoder.com/intern/34052?jobIds=37590&ncsr=,¥100-150元/天,北京,简历处理率：81%,平均处理：11天,Null,运营,薪资：100-150元/天  |  实习要求：4天/周，3个月以上  |  转正机会：没有, 岗位职责 1. 负责协助社群日常运营、维护，承担部分答疑辅导工作； 2. 协助持续挖掘社群用户需求，探索更好满足用户需求的运营机制； 3. 协助进行社群用户数据统计分析，关注学员课程出勤&作业完成情况； 4. 协助制作22考研政治每日打卡及其他内容，减缓学员在课程空隙期的焦虑感； 5. 协助组织策划社群活动，提升社群用户粘性及学习热情。  ,Null,
深度学习算法实习生,毫末智行,https://www.nowcoder.com/intern/29984?jobIds=35781&ncsr=,¥200-250元/天,北京,简历处理率：98%,平均处理：2天,处理快,算法,薪资：200-250元/天  |  实习要求：5天/周，3个月以上  |  转正机会：有, 岗位职责 1. 负责机器学习，深度学习等主流人工智能技术学习以及研究，特别是感知相关的深度学习技术；  2. 负责公司大规模数据驱动相关算法的研发和实施，包括模型设计、模型训练，以及后续的优化；  3. 调研对接所需数据的标注需求。 ,Null,
见习算法研究员,商汤科技,https://www.nowcoder.com/intern/48708?jobIds=45429&ncsr=,¥200-250元/天,北京 上海 深圳,简历处理率：100%,平均处理：1天,处理快,算法,薪资：200-250元/天  |  实习要求：4天/周，6个月以上  |  转正机会：有, 岗位职责 1、参与工业级算法的研发，包括目标检测，关键点，行为识别等，支持业务侧模型的性能提升和交付。 2、研究和实现最前沿的算法，包括弱监督/半监督/自监督学习，图像生成等。 ,Null,
商汤科技-自动驾驶视觉感知方向实习生(北京/上海/深圳),商汤科技,https://www.nowcoder.com/intern/11776?jobIds=37416&ncsr=,¥300-400元/天,北京 上海 深圳,简历处理率：100%,平均处理：3天,有反馈,算法,薪资：300-400元/天  |  实习要求：3天/周，4个月以上  |  转正机会：有, 岗位职责 【方向及机会】 与算法研究员、工程师们一起参与自动驾驶视觉感知技术的研发。在这里你可以：  1. 探索物体检测，模型压缩量化，危险场景预测，2D/3D姿态估计，属性识别等领域的前沿技术  2. 聚焦视觉技术在自动驾驶感知领域的研发落地，培养从数据采集分析到模型算法设计，再到部署验证的全栈AI工程师能力  3. 了解自动驾驶系统架构设计和技术细节，参与相关工程实践  4. 将研究成果转化为顶会paper和专利  ,Null,
CV算法实习生,商汤科技,https://www.nowcoder.com/intern/27833?jobIds=29207&ncsr=,¥400-500元/天,北京 上海 深圳 杭州,简历处理率：97%,平均处理：4天,有反馈,算法,薪资：400-500元/天  |  实习要求：4天/周，5个月以上  |  转正机会：面议, 岗位职责 1、紧跟学术前沿，开展高水平和创新性的研究，保持OCR相关算法在工业界和学术界的领先； 2、对OCR相关项目提供算法支持。 ,Null,
MIG-计算机视觉见习研究员（北京/上海/深圳）,商汤科技,https://www.nowcoder.com/intern/52490?jobIds=49804&ncsr=,¥薪酬面议,北京 上海 深圳,简历处理率：-,平均处理：-,Null,算法,薪酬：面议  |  实习要求：4天/周，6个月以上  |  转正机会：有, 岗位职责 1. 辅助开展计算机视觉和深度学习算法的开发与性能提升，研究的问题包括但不限于：2D/3D物体检测与跟踪、物体6D姿态估计、人体姿态估计、物体人体在线重建、人体运动捕捉、语义分割、动态场景重建、视觉定位与导航等；  2. 紧跟学术前沿，开展高水平和创新性的研究，保持算法在工业界和学术界的领先，参与顶会论文投稿及专利申请；  3. 负责开发管理研究所需要的工具以及基础设施。  【岗位优势】  1. 介于工业界与学术界之间，用前沿研究解决实际问题；  2. 拥有丰富的数据与计算资源；  3. 与科研和工程经验丰富的同事共事，有机会得到合作教授的科研指导。 ,Null,
机器学习研发实习生,阿里云,https://www.nowcoder.com/intern/2900?jobIds=19596&ncsr=,¥200-250元/天,杭州,简历处理率：100%,平均处理：1天,处理快,算法,薪资：200-250元/天  |  实习要求：5天/周，2个月以上  |  转正机会：有, 岗位职责 【阿里云云网络团队实习生招聘】  基于阿里云深厚的技术积累、强大的基础设施能力。 经历多年的云计算业务锤炼。 我们打造了云上、云间、上云三位一体的云网络家族。 超大规模的阿里云飞天虚拟网络操作系统-洛神。 链接全球！ 提供领先的产品和解决方案。 让网络更简单， 让数字化转型更便捷， 是云网络所有人的使命！ 因为相信，所以看见， 我们欢迎所有心怀共同梦想的同学加入！ ,Null,
定价算法工程师,滴滴出行,https://www.nowcoder.com/intern/14548?jobIds=19059&ncsr=,¥250-300元/天,北京,简历处理率：84%,平均处理：171天,Null,算法,薪资：250-300元/天  |  实习要求：4天/周，3个月以上  |  转正机会：有, 岗位职责 维护定价补贴相关的分析和数据建设  进行定价补贴相关的建模和机制设计 ,Null,
算法实习生,滴滴出行,https://www.nowcoder.com/intern/50516?jobIds=47698&ncsr=,¥250-300元/天,杭州,简历处理率：100%,平均处理：2天,处理快,算法,薪资：250-300元/天  |  实习要求：4天/周，3个月以上  |  转正机会：有, 岗位职责 滴滴货运聚焦在万亿规模同城货运业务，包括B端拉货和C端搬家。2020年5月份试运营以来，已成为行业第二，今年1月份完成了15亿美金的A轮融资。  团队：货运智能化的核心团队，负责整个货运业务的数据、策略和算法，包括智能调度、用户增长、订单推荐等场景。目前团队人数和业务一起，处在爆炸式增长阶段。网约车（客运）有的场景我们都有，他们没有的我们也有，货运业务对技术也带来全新的挑战。  成员：既有来自国内外TOP互联网公司的资深从业者（如微软、阿里、IBM等）。团队成员拥有专利100+个，顶级会议/期刊论文10+篇。团队技术氛围浓厚，定期开展学习分享活动。  ,Null,
海康威视研究院AI算法工程师,海康威视,https://www.nowcoder.com/intern/49657?jobIds=46428&ncsr=,¥薪酬面议,杭州,简历处理率：100%,平均处理：2天,处理快,算法,薪酬：面议  |  实习要求：4天/周，3个月以上  |  转正机会：有, 岗位职责 1.	研究人脸相关计算机视觉前沿算法，包括但不限于：人脸识别、活体检测、伪造检测、面部运动单元（AU）检测、伪造检测、虹膜识别、视线跟踪、3D虚拟人脸等，以发表顶级会议/期刊论文为首要目标。 2.	探索医疗相关业务方向，包括但不限于：结合视觉的小儿多动症诊断、EEG信号处理和识别等，以探索业务可行性和发表顶级会议/期刊论文为首要目标。 3.	算法应用和改进，针对组内业务方向和已有算法模块进行性能改进，利用组内已有算法模块搭建原型系统并进行系统级改进。  ,Null,
海康威视研究院语音算法工程师,海康威视,https://www.nowcoder.com/intern/52105?jobIds=49409&ncsr=,¥200-250元/天,杭州,简历处理率：25%,平均处理：1天,处理快,算法,薪资：200-250元/天  |  实习要求：5天/周，3个月以上  |  转正机会：有, 岗位职责 从事语音识别、声纹识别、语音合成、音频事件检测/分类、语音唤醒、音频处理相关算法的研究与实现 ,Null,
账本市场-产品实习生,深圳市卡牛科技有限公司,https://www.nowcoder.com/intern/18161?jobIds=49852&ncsr=,¥150-200元/天,深圳,简历处理率：-,平均处理：-,Null,产品,薪资：150-200元/天  |  实习要求：5天/周，6个月以上  |  转正机会：面议, 岗位职责 【岗位职责】 1. 协助账本产品经理深入研究、分析用户，抽象用户需求为账本需求，设计对应账本方案，并推动账本快速上线； 2. 负责账本上线后运营，与推广、运营团队配合紧密配合，不断优化线上账本及挖掘新的目标用户生产新的账本，完成账本总使用时长指标； 3. 挖掘用户需求，寻找潜在的账本订阅功能，达成订阅功能收入目标； 4. 深入了解用户特征，与业务团队配合提升业务转化效率，达成业务收入目标  ,Null,
产品经理实习生,万物心选,https://www.nowcoder.com/intern/33775?jobIds=34900&ncsr=,¥200-250元/天,北京,简历处理率：98%,平均处理：43天,有反馈,产品,薪资：200-250元/天  |  实习要求：5天/周，6个月以上  |  转正机会：有, 岗位职责 万物心选产品团队招产品经理实习生啦！前所未有和来自BAT的前辈一起共事、负责整个平台的产品项目的机会来啦！  没有经验？没关系！我们有懂业务、懂产品的团队伙伴~  来这里，超多项目0-1的机会，除了能了解到整个电商平台的业务逻辑，还能点亮自己的产品技能，实现高速的成长！    关于我们：  万物心选，是一个致力于为85、90后的新人群提供个性化社交和消费服务的平台，创立第二年就能单月交易额破亿  并在资本寒冬的市场环境下获得B轮1.5亿融资； 社交电商模式已经成为不可逆转的趋势，万物心选作为黑马，已在电商行业内成为有力的竞争对手。同时在疫情突发的背景下我们同样能逆势高速发展 创出业绩新高。  加入我们，你就可以和来自BAT的团队伙伴们一起共事，更有机会直接接触深谙产品和用户的平台创始人：  田晓萌，来自北大，04年加入百度，曾任百度贴吧事业部总经理、百度开放平台总经理；15年加入美丽说，任高级副总裁，师从俞军。  山民，淘宝前母婴、美妆类目总负责人，掌管近百万品牌和店铺，操盘一年近千亿营业额的业务。15年担任美丽说高级副总裁，主管招商和运营。拥有极强的供应链资源和丰富的电商产品、业务经验。  而加入万物，你就会得到在任何地方花钱都买不来的宝贵经验和指点。  1.你将获得转正机会。我们招聘实习生的目标是从中寻求优秀的，有潜力，有激情的同学转正，留在公司与我们一起成长，一起开拓公司新纪元。 2.你将获得完备的培养机制。入职后你将获得一对一的导师指导，导师会根据你的情况，量身定制8周的培养计划，提升你的技能点数；同时结合实际工作，实践你的所知所学，切实提升技术能力。 3.你将获得正式员工一样的工作内容和实践机会。因为我们求贤若渴，因为我们的目标是有潜力的同学与我们共同成长，所以我们会以正式员工的要求来要求你，根据能力来分配工作内容，优秀的你将切实实践月销亿级的线上服务，而不是“边角料”。  在这里你可以： 1 了解到足够多样的电商平台业务场景，参与甚至独立负责整个平台的电商后台产品； 2 和为了达到目标一起热血奋战的伙伴一起，在追求极致的氛围中快速成长、达成目标； 3 在这里，有懂业务、懂用户、懂产品的学姐提供一对一帮助，助力你快速成长。 ,Null,
【2021应届】系统策划师,4399游戏,https://www.nowcoder.com/intern/29664?jobIds=43898&ncsr=,¥薪酬面议,广州,简历处理率：-,平均处理：-,Null,产品,薪酬：面议  |  实习要求：4天/周，6个月以上  |  转正机会：有, 岗位职责 1、 负责配合制作人及主策划的工作，完成游戏系统框架的设计； 2、 负责战斗，经济，社交，活动等游戏系统的撰写和验证，包括系统相关美术需求跟进、版本验证和后续调整； 3、 配合其他策划同事共同完成必要的其他策划设计相关工作。 ,Null,
网易大数据平台产品实习生,网易,https://www.nowcoder.com/intern/39974?jobIds=47346&ncsr=,¥200-250元/天,杭州,简历处理率：87%,平均处理：1天,处理快,产品,薪资：200-250元/天  |  实习要求：4天/周，6个月以上  |  转正机会：有, 岗位职责 1.参与网易大数据产品的建设，打造高效，高质量，低成本的一站式大数据开发及管理平台； 2.负责具体功能的设计，不断优化产品体验，能够撰写高质量的文档； 3.负责监控产品使用情况，并能推动运营等其他团队进行产品推广； ,Null,
数据产品工程师助理-实习,爱钛技术,https://www.nowcoder.com/intern/28054?jobIds=40144&ncsr=,¥250-300元/天,上海,简历处理率：76%,平均处理：3天,Null,产品,薪资：250-300元/天  |  实习要求：4天/周，3个月以上  |  转正机会：有, 岗位职责 实习好机会，只待你挑战  亮点一：团队均来自一线顶尖机构，助你技术能力全面进阶；  亮点二：公司氛围友善，尊重新生代个性，给你充分舞台；  亮点三：业内人脉广泛，优中选优的你，享有一线互联网大厂直推机会。  在这里，来自UCLA、NYU、哥大、南加大等国际一流高效的同学们留下了宝贵的经历，加入我们吧，让你的实习经历与众不同。​  ___________________________________________________________ 岗位职责:  1、辅助数据产品经理开发新功能模块，能独立完成并交付python数据分析功能包； 2、协助数据产品经理完成产品测试、上线发布、功能迭代，以及产品上线后的市场用户反馈搜集和产品运营数据的分析，追踪执行效果，持续改善优化产品； 3、辅助产品经理设计产品UI和功能，提升用户体验和产品专业度，创造商业价值； 4、分析和挖掘用户在应用场景内的行为和实际需求；  任职资格: 1. 计算机、统计学、经济学、运筹学、应用数学等相关专业的教育背景； 2. 熟练使用Python、SQL、pandas数据分析库，熟悉理解各种经典机器学习模型及算法，有 Restful API 开发经验优先 3. 有商业分析（BI）的相关经历，熟悉常用的商业数据分析方法与统计报表制作范式优先 4. 良好的逻辑思维能力 业务解读能力和快速学习能力，优秀的问题分解和解决能力，对挑战充满激情 5. 优秀的组织与管理能力、协同能力和推动力； 6. 有实验设计和分析能力  熟悉观察性研究和因果推断技术者优先;  ,Null,
产品经理助理-实习,爱钛技术,https://www.nowcoder.com/intern/28054?jobIds=37027&ncsr=,¥200-250元/天,上海,简历处理率：87%,平均处理：4天,Null,产品,薪资：200-250元/天  |  实习要求：4天/周，3个月以上  |  转正机会：有, 岗位职责 实习好机会，只待你挑战  亮点一：团队均来自一线顶尖机构，助你技术能力全面进阶；  亮点二：公司氛围友善，尊重新生代个性，给你充分舞台；  亮点三：业内人脉广泛，优中选优的你，享有一线互联网大厂直推机会。  在这里，来自UCLA、NYU、哥大、南加大等国际一流高效的同学们留下了宝贵的经历，加入我们吧，让你的实习经历与众不同。​  ___________________________________________________________   岗位职责:  1、辅助产品经理进行商业分析、市场调研及产品研发；  2、协调推动各部门工作，对项目过程进行日常管理，完成产品测试、上线发布、功能迭代，以及产品上线后的市场用户反馈搜集和产品运营数据的分析，追踪执行效果，持续改善优化产品；  3、辅助产品经理设计产品UI和功能，提升用户体验和产品专业度，创造商业价值；  4、分析和挖掘用户在应用场景内的行为和实际需求；  ,Null,
产品经理实习生,酷家乐（杭州群核信息技术公司）,https://www.nowcoder.com/intern/52061?jobIds=49244&ncsr=,¥150-200元/天,上海,简历处理率：36%,平均处理：1天,处理快,产品,薪资：150-200元/天  |  实习要求：3天/周，3个月以上  |  转正机会：有, 岗位职责 从事酷家乐旗下核心产品的设计工作，追求用户价值与公司经济效益双赢。    ,Null,
原画师实习生,上海博思文化传播有限公司,https://www.nowcoder.com/intern/42626?jobIds=45807&ncsr=,¥100-150元/天,上海,简历处理率：100%,平均处理：1天,处理快,产品,薪资：100-150元/天  |  实习要求：3天/周，5个月以上  |  转正机会：有, 岗位职责 技能要求： 道具原画，场景原画，角色原画，影视原画，二次元，素描 1. 根据项目组的要求，设计并绘制游戏场景图。  2. 游戏关卡场景设计，高质量游戏背景绘制。  3. 和策划之间保持良好的沟通，配合完善设计需求。 4. 对项目中场景原画涉及到的所有工作内容负责。   ,Null,
Unity 3D开发实习生,上海博思文化传播有限公司,https://www.nowcoder.com/intern/42626?jobIds=45806&ncsr=,¥100-150元/天,上海,简历处理率：100%,平均处理：1天,处理快,产品,薪资：100-150元/天  |  实习要求：3天/周，5个月以上  |  转正机会：有, 岗位职责 技能要求： 游戏设计，前端开发，游戏开发 1、在Android平台开发完成APP软件程序设计、开发及维护；  2、跟进Android的新技术发展，编写设计开发及实现文挡；  3、负责游戏基础工作；  4、配合程序开发人员完成项目. ,Null,
手游Unity 3D开发,上海博思文化传播有限公司,https://www.nowcoder.com/intern/42626?jobIds=37677&ncsr=,¥100-150元/天,上海,简历处理率：100%,平均处理：2天,处理快,产品,薪资：100-150元/天  |  实习要求：3天/周，5个月以上  |  转正机会：有, 岗位职责 3D设计，3DMAX，效果图设计，动画 1、在Android平台开发完成APP软件程序设计、开发及维护；  2、跟进Android的新技术发展，编写设计开发及实现文挡；  3、负责游戏基础工作；  4、配合程序开发人员完成项目。 ,Null,
去哪儿网测试开发实习生,去哪儿,https://www.nowcoder.com/intern/27124?jobIds=49751&ncsr=,¥200-250元/天,北京,简历处理率：40%,平均处理：1天,处理快,测试,薪资：200-250元/天  |  实习要求：4天/周，2个月以上  |  转正机会：没有, 岗位职责 1.参与内容事业部主要业务全流程测试： 产品需求评估、用例设计、功能完整性测试、系统性能测试、前端界面用户体验以及兼容性测试等，全流程保证产品质量 ； 2.对测试过程中发现的问题进行跟踪分析和报告，与产品、开发沟通及时解决测试过程中的问题； 3.能够协助进行测试流程优化以及自动化，提高测试工作效率。  ,Null,
测试开发工程师,上海快仓智能科技有限公司,https://www.nowcoder.com/intern/43223?jobIds=46188&ncsr=,¥150-200元/天,上海,简历处理率：8%,平均处理：1天,处理快,测试,薪资：150-200元/天  |  实习要求：3天/周，3个月以上  |  转正机会：有, 岗位职责 职位描述： 1.负责产品的测试开发工作； 2.根据需求独立完成测试计划与测试用例的编写，并按计划执行测试，缺陷的跟踪和管理，输出测试报告； 3.优化流程，开发各类测试工具及平台，通过技术手段提升测试效率和质量。 ,Null,
2022实习测试开发实习生,作业帮,https://www.nowcoder.com/intern/643?jobIds=45287&ncsr=,¥250-300元/天,北京,简历处理率：94%,平均处理：2天,处理快,测试,薪资：250-300元/天  |  实习要求：4天/周，3个月以上  |  转正机会：有, 岗位职责 岗位职责  1、 承担作业帮 App、Windows、Web、Server之一的测试工作；  2、设计并实现各端自动化测试工具，包括但不限于：Android &iOS&Windows Monkey、场景自动化、Server端接口自动化、各端专项测试工具（性能、稳定性、特定异常、评测）等；  3、制定项目测试方案、测试计划、测试Case，跟踪定位产品软件中的缺陷或问题，推动问题解决；  4、与产品PM、RD、UE等密切合作，快速迭代产品，并推向市场。   ,Null,
测试实习生-北京,北京初速度科技有限公司,https://www.nowcoder.com/intern/1863?jobIds=50103&ncsr=,¥250-300元/天,北京,简历处理率：-,平均处理：-,Null,测试,薪资：250-300元/天  |  实习要求：4天/周，4个月以上  |  转正机会：有, 岗位职责 岗位职责：  a.  结合云端产品的需求，进行云端UI、UX等相关类测试  b.  结合设备端产品的状况，进行设备端自动化执行，及异常日志分析  c.  结合算法的调整，针对数据集进行初步分析工作 ,Null,
测试开发实习生-苏州/北京,北京初速度科技有限公司,https://www.nowcoder.com/intern/1863?jobIds=40261&ncsr=,¥300-400元/天,北京 苏州,简历处理率：90%,平均处理：4天,有反馈,测试,薪资：300-400元/天  |  实习要求：4天/周，4个月以上  |  转正机会：面议, 岗位职责 工作职责：1. 参与项目的需求分析和评审，分析产品的可测性，规划软件测试方案； 2. 搭建测试环境，设计测试程序，执行测试，对问题进行定位、跟踪和管理； 3. 对测试结果进行分析，提供分析结果和建议，并配合软件工程师进行缺陷修复； 4. 参与制定软件测试的流程规范； 5. 构建自动化测试体系与持续集成体系，引入高效的测试工具和流程。  ,Null,
软件测试实习生,科大讯飞华南有限公司,https://www.nowcoder.com/intern/52093?jobIds=49412&ncsr=,¥100-150元/天,广州,简历处理率：14%,平均处理：1天,处理快,测试,薪资：100-150元/天  |  实习要求：3天/周，3个月以上  |  转正机会：有, 岗位职责 岗位职责：	 1、参与智能产品软件需求分析；参与产品的软件功能、性能测试； 2、有效地执行测试用例，提交测试报告、测试缺陷； 3、准确地定位并跟踪问题，推动问题及时合理的解决，并对测试提出改进意见； 4、维护和更新测试用例，测试文档等； 5、完成上级领导交代的其他事宜；  ,Null,
测试工程师,高顿教育,https://www.nowcoder.com/intern/42534?jobIds=36814&ncsr=,¥150-200元/天,上海,简历处理率：90%,平均处理：4天,有反馈,测试,薪资：150-200元/天  |  实习要求：4天/周，2个月以上  |  转正机会：有, 岗位职责 1、负责高顿网校前后端，移动客户端等产品的测试工作； 2、参加需求评审会，能够对需求进行讨论和评估，理解、把控业务； 3、制定测试方案和计划，包括功能测试方案，性能测试方案，自动化测试方案等； 4、编写测试用例，执行测试，推动问题解决，并且进行回归测试； 5、产品上线前完成风险评估，完成并且输出测试报告； 6、协助处理线上问题，并且及时推动解决，有独立定位问题的能力； 7、能够从用户角度，产品角度提出对系统架构或者产品的优化建议； 8、配合产品完成其它项目任务。  ,Null,
Firmware软件测试实习生（远程）,Dell EMC,https://www.nowcoder.com/intern/2111?jobIds=39325&ncsr=,¥薪酬面议,上海,简历处理率：94%,平均处理：7天,有反馈,测试,薪酬：面议  |  实习要求：3天/周，6个月以上  |  转正机会：有, 岗位职责 DellEMC PSE(Platform and System Engineering) organization provides innovative platforms  systems  and technology solutions to DellEMC products enabling industry leading storage and converged infrastructure offerings to our customers.         SSD group is a fast growing team under PSE  which focuses on delivering DellEMC internal  storage-platform-specific  innovative enterprise SSDs. The candidate will have opportunity to: •	Work on SSD product portfolio resolving industry leading storage challenges which is continuously invested by company •	Work in a global environment  with experts from cross functional teams  BUs  vendor and partners to gain knowledge from device to system level •	Project operated in Agile/Scrum model; Use industry best practice on methodology and process  As the SSD FW Validation Engineer Intern  you will define  develop test plan and test methodology as well as execute it to qualify our enterprise SSD products.  Role Responsibilities •	Develop  execute and maintain validation test plans based on the product requirements. •	Collaborate with development team in debugging and reproducing issues. •	Develop QA tools and frameworks for automation of device testing. •	Develop test automation scripts. •	Evaluate test cases quality and improve test coverage.  ,Null,
软件测试工程师,浙江智臾科技有限公司,https://www.nowcoder.com/intern/24822?jobIds=26130&ncsr=,¥150-200元/天,杭州,简历处理率：90%,平均处理：7天,有反馈,测试,薪资：150-200元/天  |  实习要求：5天/周，2个月以上  |  转正机会：有, 岗位职责 1. 分布式数据库及接口的功能测试、性能测试和压力测试，参与测试方案设计，设计自动化测试用例； 2. 日常测试的监控和问题***，解决测试过程中的复杂技术问题； 3. 自动化测试环境和测试用例维护； 4. 协助技术支持/开发复现和定位客户反馈的问题。 ,Null,
软件测试实习生,东吴金融科技,https://www.nowcoder.com/intern/4665?jobIds=9474&ncsr=,¥150-200元/天,上海,简历处理率：90%,平均处理：2天,处理快,测试,薪资：150-200元/天  |  实习要求：4天/周，3个月以上  |  转正机会：面议, 岗位职责 1. 负责网站系统及移动APP应用的功能测试； 2. 负责测试相关文档的设计和编写，包括测试需求、测试用例、测试报告等文档； 3. 执行测试用例，与开发、需求人员及时沟通测试发现的bug，并协助定位bug。 ,Null,
鲲鹏应用实习生,华为,https://www.nowcoder.com/intern/46229?jobIds=41059&ncsr=,¥250-300元/天,杭州,简历处理率：96%,平均处理：1天,处理快,研发,薪资：250-300元/天  |  实习要求：5天/周，3个月以上  |  转正机会：有, 岗位职责 在鲲鹏平台上对数据库、异构加速、虚拟化、大数据等方向进行技术创新 ,Null,
开源软件开发工程师,华为,https://www.nowcoder.com/intern/46211?jobIds=41014&ncsr=,¥250-300元/天,杭州,简历处理率：100%,平均处理：2天,处理快,研发,薪资：250-300元/天  |  实习要求：5天/周，6个月以上  |  转正机会：面议, 岗位职责 负责开源软件开发和维护，承担开源生态构建。推动自研开源软件成为业界主流，构建生态。 ,Null,
通用软件开发工程师,华为,https://www.nowcoder.com/intern/46211?jobIds=41013&ncsr=,¥250-300元/天,杭州,简历处理率：92%,平均处理：2天,处理快,研发,薪资：250-300元/天  |  实习要求：5天/周，6个月以上  |  转正机会：面议, 岗位职责 通用软件开发团队主要参与IT应用层软件、分布式软件平台、互联网软件等的设计开发，采用敏捷、Devops、开源等先进的软件设计开发模式，负责产品相关软件开发工作，承担水平解决方案开源生态构建。 ,Null,
大数据开发工程师,华为,https://www.nowcoder.com/intern/46211?jobIds=41012&ncsr=,¥250-300元/天,杭州,简历处理率：92%,平均处理：2天,处理快,研发,薪资：250-300元/天  |  实习要求：5天/周，6个月以上  |  转正机会：面议, 岗位职责 大数据团队致力于构建最强大数据解决方案竞争力，打造极致大数据平台性能，拥抱开源社区，构建合作共赢的大数据生态。 ,Null,
后端开发实习生,北京艨艟信息技术有限公司,https://www.nowcoder.com/intern/50785?jobIds=50383&ncsr=,¥150-200元/天,北京,简历处理率：11%,平均处理：1天,处理快,研发,薪资：150-200元/天  |  实习要求：4天/周，3个月以上  |  转正机会：有, 岗位职责 1、参与线上服务、生产平台或者数据平台开发； 2、参与技术调研、方案设计讨论和文档编写。   ,Null,
Android实习生,北京艨艟信息技术有限公司,https://www.nowcoder.com/intern/50785?jobIds=50382&ncsr=,¥150-200元/天,北京,简历处理率：-,平均处理：-,Null,研发,薪资：150-200元/天  |  实习要求：4天/周，3个月以上  |  转正机会：有, 岗位职责 1、负责安卓端应用（游戏）的开发工作； 2、负责相关技术方案的调研及文档撰写。 ,Null,
Java开发实习生,脉脉,https://www.nowcoder.com/intern/46292?jobIds=43492&ncsr=,¥150-200元/天,北京,简历处理率：18%,平均处理：1天,处理快,研发,薪资：150-200元/天  |  实习要求：5天/周，4个月以上  |  转正机会：面议, 岗位职责 1.具备良好计算机专业基础，熟悉常用数据结构和算法 2.具有面向对象的编程思想和设计能力 3.精通java语言，熟练掌握Spring、SpringBoot、MyBatis等相关主流框架技术 4.熟悉mysql、sql server、oracle等关系型数据 5.熟悉Linux操作系统的日常使用和管理，掌握shell脚本  ,Null,
微信小程序后台开发实习生,腾讯,https://www.nowcoder.com/intern/52279?jobIds=49529&ncsr=,¥薪酬面议,广州,简历处理率：100%,平均处理：1天,处理快,研发,薪酬：面议  |  实习要求：5天/周，1个月以上  |  转正机会：有, 岗位职责 1、负责人脸核身、微信物流、城市服务及小程序垂直行业平台能力的后台开发工作； 2、共同参与产品设计，负责新特性的后台系统设计与实现。 3、在这里，除了基础技术提升之外，还能学习到不同行业的行业知识，并且可以提升自己的对外沟通能力、协调能力、项目推进能力，扩大自己的职业广度、积攒更多的人脉。 ,Null,
阿里云java后端实习生,阿里云,https://www.nowcoder.com/intern/2900?jobIds=19993&ncsr=,¥200-250元/天,杭州,简历处理率：95%,平均处理：2天,处理快,研发,薪资：200-250元/天  |  实习要求：5天/周，2个月以上  |  转正机会：有, 岗位职责 【阿里云云网络团队实习生招聘】  基于阿里云深厚的技术积累、强大的基础设施能力。 经历多年的云计算业务锤炼。 我们打造了云上、云间、上云三位一体的云网络家族。 超大规模的阿里云飞天虚拟网络操作系统-洛神。 链接全球！ 提供领先的产品和解决方案。 让网络更简单， 让数字化转型更便捷， 是云网络所有人的使命！ 因为相信，所以看见， 我们欢迎所有心怀共同梦想的同学加入！ ,Null,
java/c++研发实习生,阿里云,https://www.nowcoder.com/intern/2900?jobIds=19597&ncsr=,¥200-250元/天,杭州,简历处理率：96%,平均处理：1天,处理快,研发,薪资：200-250元/天  |  实习要求：5天/周，2个月以上  |  转正机会：有, 岗位职责 【阿里云云网络团队实习生招聘】  基于阿里云深厚的技术积累、强大的基础设施能力。 经历多年的云计算业务锤炼。 我们打造了云上、云间、上云三位一体的云网络家族。 超大规模的阿里云飞天虚拟网络操作系统-洛神。 链接全球！ 提供领先的产品和解决方案。 让网络更简单， 让数字化转型更便捷， 是云网络所有人的使命！ 因为相信，所以看见， 我们欢迎所有心怀共同梦想的同学加入！ ,Null,
后端开发实习生,成都超有爱科技有限公司,https://www.nowcoder.com/intern/563?jobIds=49141&ncsr=,¥200-250元/天,成都,简历处理率：85%,平均处理：1天,处理快,研发,薪资：200-250元/天  |  实习要求：5天/周，3个月以上  |  转正机会：面议, 岗位职责 1、商城监控报警系统的开发工作，提高商城系统的整体稳定性    2、团队内相关研发效率工具的开发工作  ,Null,
海康威视研究院全栈工程师,海康威视,https://www.nowcoder.com/intern/49657?jobIds=46429&ncsr=,¥薪酬面议,杭州,简历处理率：100%,平均处理：2天,处理快,研发,薪酬：面议  |  实习要求：4天/周，3个月以上  |  转正机会：有, 岗位职责 1.	结合组内业务方向搭建原型系统，具体包括生物特征识别模组、生物电信号采集系统等。 ,Null,
Java开发工程师-22实习生,便利蜂,https://www.nowcoder.com/intern/49738?jobIds=46545&ncsr=,¥400-500元/天,北京,简历处理率：89%,平均处理：1天,处理快,研发,薪资：400-500元/天  |  实习要求：4天/周，1个月以上  |  转正机会：有, 岗位职责 岗位职责： 1.按照需求，负责技术平台或业务支持系统的设计、维护，以及代码开发工作； 2.根据开发规范编写各种开发文档及项目文档； 3.协助需求方进行技术调研； 4.不断提高产品的代码质量，参与团队技术交流。   ,Null,
嵌入式Linux实习生（AI算法部署与加速方向）,星测未来科技（北京）有限责任公司,https://www.nowcoder.com/intern/44396?jobIds=39070&ncsr=,¥250-300元/天,北京,简历处理率：23%,平均处理：5天,Null,研发,薪资：250-300元/天  |  实习要求：4天/周，3个月以上  |  转正机会：有, 岗位职责 学习AI芯片开发的工具链，并开展AI算法的部署、测试和优化工作 ,Null,
AI芯片算法实习生,星测未来科技（北京）有限责任公司,https://www.nowcoder.com/intern/44396?jobIds=48665&ncsr=,¥250-300元/天,北京,简历处理率：-,平均处理：-,Null,研发,薪资：250-300元/天  |  实习要求：4天/周，3个月以上  |  转正机会：有, 岗位职责 1. 参与边缘计算芯片的选型和预研工作； 2. 负责边缘计算芯片中的深度学习算法优化、部署、测试及验证工作，协助算法落地 ,Null,
Java开发实习生,瓜子,https://www.nowcoder.com/intern/51221?jobIds=48244&ncsr=,¥200-250元/天,北京,简历处理率：41%,平均处理：4天,Null,研发,薪资：200-250元/天  |  实习要求：3天/周，2个月以上  |  转正机会：有, 岗位职责 1.参与业务中台支付、营销、订单等相关方向的后端开发 2.线上服务的运营维护，问题追踪排查 ,Null,
[应届]java后端开发工程师,瓜子,https://www.nowcoder.com/intern/52204?jobIds=49630&ncsr=,¥薪酬面议,北京,简历处理率：-,平均处理：-,Null,研发,薪酬：面议  |  实习要求：5天/周，1个月以上  |  转正机会：有, 岗位职责 主要工作内容：  负责公司供应链中台的开发。  主要任务目标是设计健壮、可扩展、高效的支持新车业务发展的系统：商城、交易、订单、供应链、平台服务、数据等等。  对新车的所有系统提出通用化的设计方案，能够通过微服务化的方式让各系统间解耦。  贡献所有有利于转化的新的想法和设计。 ,Null,
开发实习生,格灵深瞳,https://www.nowcoder.com/intern/41623?jobIds=35960&ncsr=,¥200-250元/天,北京,简历处理率：71%,平均处理：15天,Null,研发,薪资：200-250元/天  |  实习要求：5天/周，3个月以上  |  转正机会：有, 岗位职责 【开发岗】的实习机会，重点关注ros、web、Java、c/c++、go、python等方向，欢迎投递简历~~~ ,Null,
平安科技算法平台建设团队实习生招聘,平安科技,https://www.nowcoder.com/intern/52730?jobIds=50134&ncsr=,¥300-400元/天,上海,简历处理率：33%,平均处理：1天,处理快,研发,薪资：300-400元/天  |  实习要求：5天/周，6个月以上  |  转正机会：有, 岗位职责 1、协助AI算法相关平台的建设，包括设计、开发、测试、文档撰写等 2、协助算法工程师，对接算法模型 ,Null,
[直通笔试]美团优选-后端开发工程师,美团,https://www.nowcoder.com/intern/50199?jobIds=47362&ncsr=,¥300-400元/天,北京 上海 深圳 成都,简历处理率：93%,平均处理：1天,处理快,研发,薪资：300-400元/天  |  实习要求：4天/周，2个月以上  |  转正机会：有, 岗位职责 岗位职责： 1.负责各类后台服务和业务系统的需求分析、系统设计、开发实现； 2.参与后端模块、数据平台、基础服务等的开发工作； 3.分析并优化业务流程，参与系统长期架构设计与规划，探索合理、可扩展的系统模型，通过自动化等手段提升研发效率，提升需求迭代速度与系统能力； 4.保证系统稳定性，提升系统的容灾、降级及应急能力，提升系统的可用性和可维护性，协同QA保证高质量开发交付；优化系统性能、及时排查线上故障，保证系统稳定； 5.积极主动协调相关团队完成项目，促进团队合作，积极影响其它成员。 ,Null,
市场-数据分析实习生,作业帮,https://www.nowcoder.com/intern/47065?jobIds=43159&ncsr=,¥200-250元/天,北京,简历处理率：86%,平均处理：3天,Null,数据,薪资：200-250元/天  |  实习要求：3天/周，3个月以上  |  转正机会：有, 岗位职责 工作职责： 跟进项目，主要是负责 竞对分析、信息流推广、商务结算等方向的数据分析 1、负责竞品相关数据监控，定期更新数据，形成相关报表； 2、负责对异常数据进行分析并产出相关报告； 3、协助分析师完成分析报告； 4、领导交代的其他事宜。任职资格： ,Null,
哔哩哔哩主站数据分析实习生,哔哩哔哩,https://www.nowcoder.com/intern/46965?jobIds=42245&ncsr=,¥薪酬面议,上海,简历处理率：75%,平均处理：2天,处理快,数据,薪酬：面议  |  实习要求：4天/周，3个月以上  |  转正机会：有, 岗位职责   工作内容: 1. 梳理业务逻辑，对业务数据进行分析和监控，数据驱动支持业务改进 2. 负责UGC内容运营活动、用户消费行为相关的数据分析 3. 支持业务侧的日常数据需求，完成数据生产等工作 4. 辅助策略和运营同学，进行运营策略优化及方向改进 岗位收获: 1. 丰厚的实习工资和报酬 2. 主站核心部门，组内同事能力强，并和运营团队深入对接，和优秀的人一起做有价值的事情 3. 了解通过数据视角获取对于内容的感知以及内容生态的方法论 ,Null,
数据分析实习,上海联元智能科技有限公司,https://www.nowcoder.com/intern/21689?jobIds=29468&ncsr=,¥150-200元/天,上海,简历处理率：97%,平均处理：7天,有反馈,数据,薪资：150-200元/天  |  实习要求：3天/周，4个月以上  |  转正机会：有, 岗位职责 岗位职责 1、 与市场/业务开拓人员配合，参与客户沟通，理解业务需求，理解数据环境，界定数据分析问题，并制定数据分析方案； 2、 与数据开发及ETL人员配合，从数据库、服务商或用能企业方，获取数据，并进行相应的数据准备； 3、 深入理解业务需求，基于业务数据进行数据探索、特征提取，选择分析方法或模型，并形成符合业务的分析结果； 4、 与需求部门协作，编写分析报告及其他交付成果，并协助实现数据价值应用； 5、 配合数据开发工程师，完成模型部署后的业务验证、反馈。  ,Null,
数据分析（数据挖掘方向）,招商银行信用卡中心,https://www.nowcoder.com/intern/556?jobIds=47144&ncsr=,¥薪酬面议,上海,简历处理率：-,平均处理：-,Null,数据,薪酬：面议  |  实习要求：5天/周，2个月以上  |  转正机会：有, 岗位职责 1、通过业务数据、数据平台工具、数据分析及挖掘技术，为精准营销、智能推荐、产品优化、服务流程改善等不同业务场景设计完整的数据解决方案，并实现数据方案的落地支持； 2、根据业务发展需要，利用主流的大数据技术和工具，实现大数据平台的规划和研发，提升数据决策能力； 3、参与机器学习、语义识别、计算机视觉、图像处理等相关算法研究及算法在企业级应用中的工程化部署工作。 ,Null,
数据分析（大数据方向）,招商银行信用卡中心,https://www.nowcoder.com/intern/556?jobIds=47143&ncsr=,¥薪酬面议,上海,简历处理率：-,平均处理：-,Null,数据,薪酬：面议  |  实习要求：5天/周，2个月以上  |  转正机会：有, 岗位职责 1、负责卡中心数据收集、存储与应用分析。利用大数据技术标准化存储、处理各渠道海量实时消息、非结构化日志和原始结构化数据，并提供跨组织的数据共享服务； 2、负责数据仓库模型设计、ETL实施与性能优化。基于海量关系数据、行为数据进行大数据分析，为业务应用系统提供高质量、高效率的数据支持服务； 3、负责海量数据治理、元数据管理、数据质量监控，构建有序的、有结构的数据存储和数据管理体系。 ,Null,
技术实习生,北京盈迪曼德科技有限公司,https://www.nowcoder.com/intern/4758?jobIds=30457&ncsr=,¥200-250元/天,北京,简历处理率：93%,平均处理：4天,有反馈,数据,薪资：200-250元/天  |  实习要求：5天/周，3个月以上  |  转正机会：有, 岗位职责 工作职责：  职位描述： 1、传感器标定及优化； 2、深度学习数据集建立； 3、SLAM测试及系统稳定性评估；   ,Null,
行业研究助理,浙江同花顺人工智能资产管理有限公司,https://www.nowcoder.com/intern/46938?jobIds=43127&ncsr=,¥200-250元/天,杭州,简历处理率：16%,平均处理：3天,Null,数据,薪资：200-250元/天  |  实习要求：5天/周，3个月以上  |  转正机会：有, 岗位职责 主要职责： 1、	海量阅读研究报告，梳理行业投资逻辑，并撰写行业/公司研究报告； 2、	紧跟市场热点概念，构建热点行业产业链； 3、	研究上市公司公告（年报为主），分析公司业务收入构成的重要因素； 4、	研究建立知识图谱推理引擎和知识图谱的产品形态； 5、	为其他部门提供数据及研究支持   ,Null,
蚂蚁保险风控-数据分析或算法岗,蚂蚁集团,https://www.nowcoder.com/intern/52461?jobIds=49773&ncsr=,¥250-300元/天,上海 杭州,简历处理率：100%,平均处理：2天,处理快,数据,薪资：250-300元/天  |  实习要求：3天/周，2个月以上  |  转正机会：有, 岗位职责 我们是蚂蚁保险风控团队，运用大数据与AI技术，将保险科技赋能保险行业，驱动互联网保险业务决策与产品开发。  实习期间，你将在数据分析、算法/模型开发等能力获得提升之外，还可以 1. 应用保险行业最前沿的人工智能技术，如知识推理 2. 学习到最专业的保险金融知识，涉及核保核赔、风险定价、费率厘定等  欢迎你的加入，通过技术革新为世界带来小而美的改变！ ,Null,
数据科学实习生,快手,https://www.nowcoder.com/intern/44160?jobIds=40585&ncsr=,¥300-400元/天,北京,简历处理率：87%,平均处理：2天,处理快,数据,薪资：300-400元/天  |  实习要求：4天/周，3个月以上  |  转正机会：有, 岗位职责 1、分析和挖掘海量数据，评估和迭代快手产品功能，优化用户和客户体验，辅助业务成长； 2、通过统计模型和深层数据分析，定义指标，提供策略，助力技术和算法团队提升；  3、数据指标异常归因、A/B实验分析等； ,Null,
数据实习生（市场运营方向）,涂鸦智能,https://www.nowcoder.com/intern/48298?jobIds=48625&ncsr=,¥250-300元/天,杭州,简历处理率：100%,平均处理：1天,处理快,数据,薪资：250-300元/天  |  实习要求：4天/周，3个月以上  |  转正机会：有, 岗位职责 1、基于公司市场战略，协助进行全球客户数据的整理及录入 2、基于公司目标，接触市场部线索管理，进行目标线索匹配，并协助收集、整理公共资源市场所需信息 3、在公司系统体系内，学习并完成市场活动前期文书处理 4、在部门市场动态信息中，协助收集、整理市场活动成果数据 5、协助公司及部门完成全球范围内的各类峰会（线上、线下）的落地实施； 6、基于国际业务需求，协助部门完成各类中英翻译工作 ,Null,
Web前端实习生,SmartX,https://www.nowcoder.com/intern/8304?jobIds=21879&ncsr=,¥300-400元/天,北京 深圳,简历处理率：99%,平均处理：2天,处理快,前端,薪资：300-400元/天  |  实习要求：5天/周，4个月以上  |  转正机会：有, 岗位职责 - 参与产品设计和反馈； - 设计和开发 Web 控制台的前端页面、业务逻辑及后端 Web API； - 负责公司内部效率工具/数据驱动工具的 Web 全栈开发； ,Null,
前端开发实习生,爱奇艺,https://www.nowcoder.com/intern/47790?jobIds=43620&ncsr=,¥200-250元/天,北京,简历处理率：98%,平均处理：2天,处理快,前端,薪资：200-250元/天  |  实习要求：5天/周，3个月以上  |  转正机会：没有, 岗位职责 职业名称：前端开发实习生  所属部门组: 会员业务事业部   工作地点: 北京市海淀区爱奇艺创新大厦   职责：负责会员业务后端系统的更新迭代 ,Null,
Web前端研发实习生（2022届）,拼多多,https://www.nowcoder.com/intern/560?jobIds=50080&ncsr=,¥400-500元/天,上海,简历处理率：-,平均处理：-,Null,前端,薪资：400-500元/天  |  实习要求：5天/周，2个月以上  |  转正机会：有, 岗位职责 1.参与客户端H5/微信H5/小程序的web日常需求分析和功能开发，优化用户体验； 2.与上下游团队密切配合，分析并给出最优的前端结构解决方案和效果实现； 3.参与Web端整体架构设计、性能优化，动画体系设计，提升海量用户访问的体验和持续高效迭代。 ,Null,
前端工程师(实习)-深圳,厦门深度赋智科技有限公司,https://www.nowcoder.com/intern/12307?jobIds=39453&ncsr=,¥250-300元/天,深圳,简历处理率：91%,平均处理：7天,有反馈,前端,薪资：250-300元/天  |  实习要求：4天/周，3个月以上  |  转正机会：有, 岗位职责 职位描述： 团队背景 1. 团队主要由来自腾讯、百度、华为等公司的资深AI研究员、架构师构成，拥有世界尖端的NLP与信息分发的经验； 2. 团队成员来自于985/211院校、top海外院校，包括CMU、Oxford、IC、UCL、清华、北大、厦大等院校，水平杰出； 3. 团队获得了多个世界**比赛（如NeurIPS 2019 AutoDL）的**，同时团队已发表上百篇顶会顶刊； 4. 目前方向包括CV、NLP、推荐、搜索、知识图谱、对话、画像、AI平台、AutoML等业界核心方向。  岗位描述： 1. 参与公司通用的中台技术体系的构建； 2. 参与前端基础建设工作，包括新技术的调研、标准组件/工具的设计与开发； 3. 负责高质量的设计和编码，承担有挑战的技术攻坚；  ,Null,
Web前端开发实习生,科大讯飞华南有限公司,https://www.nowcoder.com/intern/52093?jobIds=49405&ncsr=,¥100-150元/天,广州,简历处理率：28%,平均处理：1天,处理快,前端,薪资：100-150元/天  |  实习要求：3天/周，3个月以上  |  转正机会：面议, 岗位职责 职位描述： 1. 协助完成讯飞智能产品前端设计与开发；； 2. 协助完成前端可重用性代码编写和维护、并能兼容各类浏览器、优化用户体验；  ,Null,
前端开发实习生,北京偶数科技有限公司,https://www.nowcoder.com/intern/25839?jobIds=39739&ncsr=,¥300-400元/天,Null,简历处理率：69%,平均处理：5天,Null,前端,薪资：300-400元/天  |  实习要求：5天/周，3个月以上  |  转正机会：有, 岗位职责 负责公司AI产品及云平台的web前端架构设计和研发； 与AI工程师配合，快速理解AI功能并构思出web功能页面设计。 ,Null,
JavaScript实习开发工程师,暗物智能科技（广州）有限公司,https://www.nowcoder.com/intern/5369?jobIds=33939&ncsr=,¥250-300元/天,广州,简历处理率：97%,平均处理：3天,有反馈,前端,薪资：250-300元/天  |  实习要求：3天/周，3个月以上  |  转正机会：有, 岗位职责 1、在资深工程师指导下，完成高质量应用软件开发 2、协助k12数学中的代数问题建模 3、协助k12数***算库的开发与维护 4、协助数***算服务的开发、部署与运维 ,Null,
前端工程师(热爱）,上海香果信息科技有限公司,https://www.nowcoder.com/intern/2213?jobIds=4786&ncsr=,¥250-300元/天,上海,简历处理率：99%,平均处理：3天,有反馈,前端,薪资：250-300元/天  |  实习要求：4天/周，3个月以上  |  转正机会：有, 岗位职责 香果科技是一家位于上海的互联网软件企业，致力于为企业客户提供优秀的互联网软件产品。除了为世界500强提供技术解决方案外，亦为中小型企业提供SAAS产品。   	  工作地点：  张江微电子港（碧波路690号7号楼6楼，近二号线张江高科） ,Null,
前端开发实习生,北京布雷恩科技有限公司,https://www.nowcoder.com/intern/44024?jobIds=38550&ncsr=,¥150-200元/天,北京,简历处理率：88%,平均处理：4天,Null,前端,薪资：150-200元/天  |  实习要求：5天/周，3个月以上  |  转正机会：有, 岗位职责 1、参与产品B端和C端前端开发；  2、调研和学习新技术。 ,Null,
iOS研发实习生,度小满金融,https://www.nowcoder.com/intern/33071?jobIds=45547&ncsr=,¥薪酬面议,北京,简历处理率：100%,平均处理：2天,处理快,前端,薪酬：面议  |  实习要求：5天/周，1个月以上  |  转正机会：有, 岗位职责 负责度小满相关APP和SDK iOS端的研发工作；  参与相关APP和SDK的性能、体验优化等工作；  参与相关前沿技术的探索与落地。 ,Null,
招聘实习生,图森未来,https://www.nowcoder.com/intern/47488?jobIds=47439&ncsr=,¥150-200元/天,北京,简历处理率：16%,平均处理：1天,处理快,其他,薪资：150-200元/天  |  实习要求：4天/周，4个月以上  |  转正机会：没有, 岗位职责 1、有一定的招聘实习经验，能够熟练使用各个招聘渠道；  2、能够按照岗位JD，适当的解读岗位要求，寻找相应的简历；  3、安排面试，定期追踪潜在候选人情况，沟通意向；  4、能够整理简单的数据，包括招聘数据及区域的一些日常数据等；  5、协助领导处理一些其他人力方面相关事宜。 ,Null,
实习-UI/UX设计师,爱钛技术,https://www.nowcoder.com/intern/28054?jobIds=36367&ncsr=,¥250-300元/天,上海,简历处理率：87%,平均处理：6天,Null,其他,薪资：250-300元/天  |  实习要求：4天/周，3个月以上  |  转正机会：有, 岗位职责 实习好机会，只待你挑战  亮点一：团队均来自一线顶尖机构，助你技术能力全面进阶；  亮点二：公司氛围友善，尊重新生代个性，给你充分舞台；  亮点三：业内人脉广泛，优中选优的你，享有一线互联网大厂直推机会。  在这里，来自UCLA、NYU、哥大、南加大等国际一流高效的同学们留下了宝贵的经历，加入我们吧，让你的实习经历与众不同。​ ___________________________________________________________ 【岗位职责】：  1、参与项目需求分析、准确理解客户诉求； 2、产品界面视觉设计定义与执行工作； 3、协助资深设计师完成提案文档撰写；  4、产品界面视觉设计规范文档撰写。   ,Null,
人事实习生,大连展锐科技有限公司,https://www.nowcoder.com/intern/50714?jobIds=48053&ncsr=,¥100-150元/天,其他 大连,简历处理率：-,平均处理：-,Null,其他,薪资：100-150元/天  |  实习要求：4天/周，2个月以上  |  转正机会：有, 岗位职责 【岗位职责】 1、负责招聘计划的实施，维护招聘渠道，与业务部门协调； 2、通过电话沟通，网络及现有资源查询合格的候选人名单； 3、按要求筛选及整理人选简历，做好招聘相关纪录； 4、邀约面试，辅导面试，安排合格候选人与管理层进行下一步面试； 5、定期汇报招聘状况，确保招聘工作的有效性（要求全职上班，有责任心）。 【工作地址】 中国辽宁省大连市甘井子区高能街9号浦项IT中心9层 ,Null,
Android开发工程师,三七互娱,https://www.nowcoder.com/intern/30168?jobIds=47035&ncsr=,¥250-300元/天,广州,简历处理率：81%,平均处理：1天,处理快,其他,薪资：250-300元/天  |  实习要求：5天/周，3个月以上  |  转正机会：有, 岗位职责 1、负责游戏平台核心安卓产品的研发，为亿级用户提供优质服务和卓越体验；  2、持续优化安卓架构，保证架构的稳定性、扩展性、可维护性；  3、参与制定安卓代码规范、接口规范、文档规范等，建立标准开发质量管理体系；  4、参与新技术调研和引入，乐于解决具有挑战性的问题，对技术有强烈的兴趣。 ,Null,
项目助理实习生,成都知道创宇信息技术有限公司,https://www.nowcoder.com/intern/2337?jobIds=29346&ncsr=,¥150-200元/天,成都,简历处理率：76%,平均处理：5天,Null,其他,薪资：150-200元/天  |  实习要求：5天/周，3个月以上  |  转正机会：有, 岗位职责 1､协助项目经理进行项目过程跟踪、检查、沟通等项目管理工作。 2､协助编写规范、流程、会议、项目过程文档等，整理项目数据，协助做各种总结报告。 3､完成部门领导安排的其他事项。    ,Null,
HRBP实习生,动次科技,https://www.nowcoder.com/intern/33169?jobIds=45790&ncsr=,¥100-150元/天,北京,简历处理率：25%,平均处理：1天,处理快,其他,薪资：100-150元/天  |  实习要求：5天/周，3个月以上  |  转正机会：面议, 岗位职责 - 负责在各渠道发布职位、简历筛选、对候选人面试，与猎头接洽 - 协助进行产品的工作：职位筛选和匹配、简历模版制作、简历修改 -协助HRBP完成员工入离职手续办理和文件归档整理 -参加并接触培训全流程 ,Null,
人力实习生（培训方向）,广联达,https://www.nowcoder.com/intern/2414?jobIds=49383&ncsr=,¥100-150元/天,北京,简历处理率：-,平均处理：-,Null,其他,薪资：100-150元/天  |  实习要求：4天/周，3个月以上  |  转正机会：面议, 岗位职责 1、负责协助讲师进行线下培训活动的布场、签到等相关活动； 2、负责协助讲师进行线上运营，包括不限于学员作业收集、整理、结果发布等； 3、协助讲师制作必要的教学物资，如海报、表格、工具等； 4、协助讲师编写教学案例与学员手册等； 5、 其他临时性事项内容  ,Null,
助理信息安全工程师,广联达,https://www.nowcoder.com/intern/2414?jobIds=37503&ncsr=,¥150-200元/天,北京,简历处理率：25%,平均处理：5天,Null,其他,薪资：150-200元/天  |  实习要求：4天/周，3个月以上  |  转正机会：面议, 岗位职责 1、从事信息安全产品的研发及研究工作，实现安全日常工作自动化； 2、根据设计文档或需求说明完成代码编写、调试、测试、维护； 3、研究与跟进互联网出现的新威胁，分析、梳理实现安全防护策略； ,Null,
财务实习生（收入业务方向）,广联达,https://www.nowcoder.com/intern/2414?jobIds=49350&ncsr=,¥150-200元/天,北京,简历处理率：-,平均处理：-,Null,其他,薪资：150-200元/天  |  实习要求：5天/周，3个月以上  |  转正机会：有, 岗位职责 【岗位职责】 1、 发票管理：负责 LTC流程***申请审核，按规范及时准确开具发票，并登记发票信息 2、 账务处理：使用ERP系统进行收入账务处理，完成收入及回款核算、应收账款对账等 3、 统计及报表：统计发票、收入、回款和应收数据，按需求编制并提供相关报表及分析 4、 流程及系统优化：协助优化LTC收入流程，对系统问题提出改进需求 5、 解答问题：针对销售人员提出的问题，及时给以解答 6、 档案管理：整理匹配收入凭证，协助凭证装订和归档管理  ,Null,
人力资源实习生,上海杉数网络科技有限公司,https://www.nowcoder.com/intern/6515?jobIds=22155&ncsr=,¥薪酬面议,上海,简历处理率：96%,平均处理：1天,处理快,其他,薪酬：面议  |  实习要求：4天/周，4个月以上  |  转正机会：有, 岗位职责 职位描述：  1、在上级的协助下进行招聘工作：筛选简历、独立主导电话面试、候选人的预约接待、对招聘结果进行分析、不断优化招聘流程； 2、通过招聘平台、猎头与多种方式组合，采取主动联络潜在合适的目标人选和筛选收取到的简历相结合的方式进行最高效的招聘； 3、负责网络招聘渠道职位信息内容的发布及更新选择并且维护招聘渠道，同时拓展新的招聘渠道，并发布招聘信息； 4、上级交办的其他工作。 ,Null,
市场实习生,上海杉数网络科技有限公司,https://www.nowcoder.com/intern/6515?jobIds=33143&ncsr=,¥150-200元/天,北京,简历处理率：100%,平均处理：2天,处理快,运营,薪资：150-200元/天  |  实习要求：5天/周，3个月以上  |  转正机会：有, 岗位职责 1. 协助完成线下市场活动，包括活动策划、内容制定、活动执行、活动总结等； 2. 协助制订不同阶段市场活动推广计划，并制定相应的推广方案； 3. 协助进行官网运营、线上广告投放； 4. 协助进行新媒体运营，包括但不限于微信公众号、微信群等运营； 5. 协助完成市场组织流程管理、执行与效果追踪、物料管理等； 6.协助完成上级领导交代的其他工作。 ,Null,
运营培训生（2021应届生）,彩贝壳,https://www.nowcoder.com/intern/5317?jobIds=49182&ncsr=,¥150-200元/天,上海,简历处理率：50%,平均处理：2天,处理快,运营,薪资：150-200元/天  |  实习要求：4天/周，3个月以上  |  转正机会：有, 岗位职责 1、基于对年轻消费家庭的需求把握，捕捉商品卖点，熟练精确的撰写商品图文； 2、基于不同城市的用户需求，选择合适的货品进行各渠道推广，提升交易转化； 3、监测日常运营数据，敏锐捕捉各资源位的推广提升点，及时调整方向并推动落地。 ,Null,
新媒体运营实习生,彩贝壳,https://www.nowcoder.com/intern/5317?jobIds=50187&ncsr=,¥150-200元/天,上海,简历处理率：-,平均处理：-,Null,运营,薪资：150-200元/天  |  实习要求：4天/周，3个月以上  |  转正机会：有, 岗位职责 1、负责微信推文的撰写、排版与维护； 2、熟练撰写商品文案，包括文字编辑、图片处理、推文排版、标题加工、内容更新等； 3、参与团队图文标准规范的完善升级，提高内容输出效率。 ,Null,
社区运营实习生,广州微咔世纪信息科技有限公司,https://www.nowcoder.com/intern/19242?jobIds=49668&ncsr=,¥150-200元/天,广州,简历处理率：50%,平均处理：2天,处理快,运营,薪资：150-200元/天  |  实习要求：5天/周，3个月以上  |  转正机会：有, 岗位职责 1.负责换装类社交 App 的社区运营工作，根据当期热点策划相关内容活动； 2.定期对koc社群用户进行需求挖掘和互动，优化机制以提升用户的活跃度和积极性； 3.根据宣传推广需求，策划及撰写相关内容，包括但不限于推广文案，活动宣传等； 4.理用户反馈信息收集与整理，提出产品优化建议。 ,Null,
新媒体运营实习生,广州微咔世纪信息科技有限公司,https://www.nowcoder.com/intern/19242?jobIds=49670&ncsr=,¥150-200元/天,广州,简历处理率：-,平均处理：-,Null,运营,薪资：150-200元/天  |  实习要求：5天/周，3个月以上  |  转正机会：有, 岗位职责 1.负责少女换装社交 App 的日常运营相关工作； 2.负责平台网站及双微社媒账号，日常编辑、发布、维护、管理、互动，产出符合公司要求的优质内容，提高影响力和关注度； 3.根据宣传推广需求，策划及撰写相关内容，包括但不限于推广文案，活动宣传等； 4.处理用户反馈信息收集与整理，提出产品优化建议； 5.完成主管安排的具体执行任务。 ,Null,
社群运营（海外）,鲸彩在线科技（大连）有限公司,https://www.nowcoder.com/intern/21069?jobIds=25407&ncsr=,¥100-150元/天,其他,简历处理率：88%,平均处理：105天,Null,运营,薪资：100-150元/天  |  实习要求：5天/周，3个月以上  |  转正机会：有, 岗位职责 1. 负责Facebook、YouTube、Twitter、Instagram 等海外社交平台的社群运营工作，包含核心用户管理，内容运营，氛围营造，打造高粘性； 2. 持续挖掘用户需求，探索更好满足用户需求的运营机制，整合内外部各种资源，通过持续不断的运营手段，提升关注用户的活跃度和粘度； 3. 配合产品相关节点进行线上线下活动策划，激发用户参与度，提升社群的覆盖率及影响力； 4. 挖掘和培养社群中的内容创作者，促进优质内容的分享和沉淀； 5. 挖掘和培养社群中的活跃用户，建立并培养管理团队。 ,Null,
iOS开发工程师,网易互娱,https://www.nowcoder.com/intern/17075?jobIds=20936&ncsr=,¥薪酬面议,广州,简历处理率：-,平均处理：-,Null,运营,薪酬：面议  |  实习要求：4天/周，2个月以上  |  转正机会：有, 岗位职责 您可以： - 根据需求进行iOS移动端APP的设计与开发； - 参与iOS移动端平台架构设计、性能优化； - 关注互联网热点技术的发展方向，能够提出、评估并应用新技术到产品中。 ,Null,
助理实习生,昆仑万维,https://www.nowcoder.com/intern/2321?jobIds=48283&ncsr=,¥150-200元/天,北京,简历处理率：37%,平均处理：4天,Null,运营,薪资：150-200元/天  |  实习要求：3天/周，3个月以上  |  转正机会：有, 岗位职责 岗位职责：  1、协助完成项目合同、对账等工作，为商务团队提供支持； 2、协助完成项目总结，并进行数据统计与分析； 3、沟通能力强，协助跟进项目执行；  ,Null,
社交产品运营实习生,昆仑万维,https://www.nowcoder.com/intern/2321?jobIds=47898&ncsr=,¥150-200元/天,北京,简历处理率：52%,平均处理：2天,处理快,运营,薪资：150-200元/天  |  实习要求：3天/周，3个月以上  |  转正机会：有, 岗位职责 【公司介绍】 我们属于昆仑万维全资子公司闲徕互娱的社交事业部，团队年轻，对于喜欢社交产品的同学可以全面了解社交产品的诞生及成长，深入了解运营体系从0-1的搭建及1-100的发展，期待有此志趣的同学加入我们的闲徕大家庭！  【培养方向】 产品运营  内容运营 数据运营  活动运营 推广运营  【岗位职责】 1、深入调研年轻用户需求，了解年轻用户喜好； 2、调研社交类产品，剖析针对年轻人群产品的思路； 3、配合其它同事完成部分运营工作  ,Null,
2022实习产品运营,作业帮,https://www.nowcoder.com/intern/643?jobIds=45292&ncsr=,¥150-200元/天,北京,简历处理率：95%,平均处理：2天,处理快,运营,薪资：150-200元/天  |  实习要求：4天/周，3个月以上  |  转正机会：有, 岗位职责 岗位描述：  1，参与作业帮产品的整体运营工作，包括但不限于内容生产，活动策划，用户活跃，社群维护，产品运营，数据分析等；  2，参与平台内容运营的工作，包括但不限于用户调研，内容生产，策略制定及调优，直播课业务协同，产品运营及数据分析；  3，关注竞品，定期输出竞品调研及分析方案。   ,Null,
